,Rating,Boxer,Country,Weight,Ceiling,Action,Promoter,Trainer,Sex
0,1,"Alvarez, Canelo",MX,168,5.0,4.13,,"Reynoso, Eddy",Male
1,2,"Shields, Claressa",US,154,5.0,4.0,Salita,"Jackson, John David",Female
2,3,"McCaskill, Jessica",US,147,5.0,4.0,Matchroom,"Ramos, Rick",Female
3,4,"Estrada, Seniesa",US,105,5.0,4.0,Golden Boy,"Campos, Dean",Female
4,5,"Serrano, Amanda",PR,126,5.0,5.0,Most Valuable Promotions,"Maldonado, Jordan",Female
5,6,"Marshall, Savannah",GB,160,5.0,5.0,Boxxer,"Fury, Peter",Female
6,7,"Taylor, Katie",IE,135,5.0,4.0,Matchroom,"Enamait, Ross",Female
7,8,"Mayer, Mikaela",US,130,5.0,4.0,Top Rank,"Mitchell, Al",Female
8,9,"Inoue, Naoya",JP,118,4.99,5.0,Top Rank,"Inoue, Shingo",Male
9,10,"Fury, Tyson",GB,HWT,4.98,4.0,Top Rank,"Steward, SugarHill",Male
10,11,"Lomachenko, Vasyl",UA,135,4.95,4.58,Top Rank,"Lomachenko, Anatoly",Male
11,12,"Crawford, Terence ",US,147,4.85,3.75,,"McIntyre, Brian",Male
12,13,"Usyk, Oleksandr",UA,HWT,4.83,4.25,Matchroom,"Katchenko, Yuri",Male
13,14,"Spence Jr, Errol",US,147,4.75,4.3,PBC,"James, Derrick",Male
14,15,"Taylor, Josh",GB,140,4.66,3.69,Top Rank,"Davison, Ben",Male
15,16,"Shigeoka, Ginjiro",JP,105,4.54,4.88,Watanabe,"Machida, Chikara",Male
16,17,"Estrada, Juan Francisco",MX,115,4.53,4.58,Matchroom,"Caballero, Alfredo",Male
17,18,"Beterbiev, Artur",RU,175,4.49,4.05,Top Rank,"Ramsay, Marc",Male
18,19,"Ortiz Jr, Vergil",US,147,4.36,4.57,Golden Boy,"Robles, Manny",Male
19,20,"Lopez, Teofimo ",US,135,4.35,4.0,Top Rank,"Lopez, Teofimo",Male
20,21,"Ennis, Jaron",US,147,4.34,4.5,D&amp;D,"Ennis, Bozy",Male
21,22,"Ramirez, Jose",US,140,4.33,3.75,Top Rank,"Garcia, Robert",Male
22,23,"Haney, Devin",US,135,4.31,2.75,Matchroom,"Haney, Bill",Male
23,24,"Gonzalez, Roman",NI,115,4.29,5.0,Teiken,"Caballero, Marcos",Male
24,25,"Bivol, Dmitry",RU,175,4.26,3.5,Matchroom,"Mashianov, Gennady",Male
25,26,"Stevenson, Shakur",US,130,4.2,2.38,Top Rank,"Moses, Wali",Male
26,27,"Martinez, Julio Cesar",MX,112,4.19,4.88,Matchroom,"Aceves, Mauricio",Male
27,28,"CP Freshmart, Knockout",TH,105,4.15,3.75,,,Male
28,29,"Briedis, Mairis",LV,200,4.14,3.25,Wasserman,"Siholajs, Dmitirijs",Male
29,30,"Castano, Brian",AR,154,4.1,4.0,PBC,"Castano, Carlos",Male
30,31,"Dalakian, Artem",UA,112,4.04,3.5,Union,"Syniepupov, Andriy",Male
31,32,"Prograis, Regis",US,140,4.03,4.0,Probellum,"Benton, Bobby",Male
32,33,"Berchelt, Miguel",MX,130,4.0,4.6,Top Rank,"Caballero, Alfredo",Male
33,34,"Menayothin, Wenhang",TH,105,4.0,3.5,,,Male
34,35,"Esparza, Marlen",US,112,4.0,4.0,Golden Boy,"Cooper, James",Female
35,36,"Cameron, Chantelle",GB,140,4.0,4.0,Matchroom,"Moore, Jamie",Female
36,37,"Fujioka, Naoko",JP,112,4.0,4.0,,"Lira, Ben",Female
37,38,"Juarez, Lourdes",MX,115,4.0,3.0,,,Female
38,39,"Joshua, Anthony ",GB,HWT,3.97,3.55,Matchroom,"McCracken, Robert",Male
39,40,"Tszyu, Tim",AU,154,3.93,4.08,No Limit,"Goloubev, Igor",Male
40,41,"Kambosos Jr, George",AU,135,3.85,3.75,DiBella,"Centeno, Javiel",Male
41,42,"Davis, Gervonta ",US,135,3.84,4.13,PBC,"Ford, Calvin",Male
42,43,"Charlo, Jermell",US,154,3.81,2.94,PBC,"James, Derrick",Male
43,44,"Valdez, Oscar",MX,130,3.81,3.92,Top Rank,"Reynoso, Eddy",Male
44,45,"Anderson, Jared",US,HWT,3.75,4.5,Top Rank,"Riley, Darrie",Male
45,46,"Wilder, Deontay",US,HWT,3.73,4.4,PBC,"Scott, Malik",Male
46,47,"Garcia, Ryan",US,135,3.72,4.08,Golden Boy,"Goossen, Joe",Male
47,48,"Benavidez, David",US,168,3.67,4.33,PBC,"Benavidez, Jose",Male
48,49,"Berlanga, Edgar",US,168,3.67,4.0,Top Rank,"Rozier, Andre",Male
49,50,"Russell Jr, Gary",US,126,3.67,3.0,PBC,"Russell Sr, Gary",Male
50,51,"Madrimov, Israil",UZ,154,3.65,4.13,Matchroom,"Diaz, Joel",Male
51,52,"Akhmadaliev, Murodjon",UZ,122,3.5,4.0,Matchroom,"Diaz, Joel",Male
52,53,"Buatsi, Joshua",GB,175,3.5,3.5,Matchroom,"Hunter, Virgil",Male
53,54,"Figueroa , Brandon",US,122,3.5,5.0,PBC,"Figueroa, Omar",Male
54,55,"Galahad, Kid",GB,126,3.5,1.5,Matchroom,"Ingle, Dominic",Male
55,56,"Gongora, Carlos",EC,168,3.5,4.5,Matchroom,"Bermudez, Hector",Male
56,57,"Okolie, Lawrence",GB,200,3.5,2.5,Matchroom,"McGuigan, Shane",Male
57,58,"Saunders, Billy Joe",GB,168,3.5,3.0,Matchroom,"Tibbs, Mark",Male
58,59,"Yafai, Kal",GB,115,3.5,1.5,Matchroom,"McCracken, Spencer",Male
59,60,"Rodriguez, Jesse",US,115,3.5,4.0,Matchroom,"Garcia, Robert",Male
60,61,"Dubois, Daniel",GB,HWT,3.45,4.25,Queensberry,"Bowers, Martin",Male
61,62,"Hrgovic, Filip",HR,HWT,3.43,3.63,Matchroom,"Diaz, Pedro",Male
62,63,"Charlo, Jermall",US,160,3.4,3.2,PBC,"Shields, Ronnie",Male
63,64,"Conwell, Charles",US,154,3.4,4.0,DiBella,"Jones, Otha",Male
64,65,"Golovkin, Gennadiy",KZ,160,3.4,4.4,Matchroom,"Banks, Johnathan",Male
65,66,"Ruiz Jr, Andy",US,HWT,3.39,3.75,PBC,"Reynoso, Eddy",Male
66,67,"Alimkhanuly, Janibek",KZ,160,3.33,3.33,Top Rank,"McGirt, Buddy",Male
67,68,"Herring, Jamel ",US,130,3.33,3.0,Top Rank,"McIntyre, Brian",Male
68,69,"Jacobs, Daniel",US,168,3.33,2.5,,"Rozier, Andre",Male
69,70,"Plant, Caleb",US,168,3.33,3.33,PBC,"Gamber, Justin",Male
70,71,"Santa Cruz, Leo ",MX,130,3.33,4.33,PBC,"Santa Cruz, Jose",Male
71,72,"Thurman, Keith",US,147,3.25,3.5,PBC,"Birmingham, Dan",Male
72,73,"Diaz, JoJo",US,135,3.22,3.19,Golden Boy,"Diaz, Joseph",Male
73,74,"Bohachuk, Serhii",UA,154,3.2,4.92,360,"Robles, Manny",Male
74,75,"Joyce, Joe",GB,HWT,3.11,3.67,Queensberry,"Broughton, Steve",Male
75,76,"Ancajas, Jerwin",PH,115,3.0,3.0,PBC,"Jimenez, Joven",Male
76,77,"Andrade, Demetrius",US,160,3.0,2.5,Matchroom,"Andrade, Paul",Male
77,78,"Barboza Jr, Arnold ",US,140,3.0,3.5,Top Rank,"Barboza, Arnold",Male
78,79,"Besputin, Alexander",RU,147,3.0,3.0,,"Contreras, Marco",Male
79,80,"Casimero, John Riel",PH,118,3.0,4.0,MP,"Neri, Nonoy",Male
80,81,"Colbert, Chris",US,130,3.0,3.0,PBC,"Sosa, Aureliano",Male
81,82,"Donaire, Nonito",PH,118,3.0,4.5,PBC,"Bazzel, Mike",Male
82,83,"Dorticos, Yuniel",CU,200,3.0,3.5,Warriors,"Castanos, Eric",Male
83,84,"Edwards, Sunny",GB,112,3.0,3.0,Probellum,"Smith, Grant",Male
84,85,"Franco, Joshua",US,115,3.0,4.0,Golden Boy,"Garcia, Robert",Male
85,86,"Alvarado, Felix",NI,108,3.0,4.0,Golden Boy,,Male
86,87,"Ioka, Kazuto",JP,115,3.0,4.0,Watanabe,"Salas, Ismael",Male
87,88,"Kyoguchi, Hiroto",JP,108,3.0,4.0,Matchroom,"Kobayashi, Takamatsu",Male
88,89,"Lubin, Erickson",US,154,3.0,2.75,PBC,"Cunningham, Kevin",Male
89,90,"Magsayo, Mark ",PH,126,3.0,3.0,Vladimir,"Roach, Freddie",Male
90,91,"Makabu, Ilunga",CG,200,3.0,5.0,Don King,"Durandt, Damien",Male
91,92,"Mendez, Wilfredo",PR,105,3.0,1.0,PR Best,"Gonzalez, Yoel",Male
92,93,"Morrell, David",CU,168,3.0,3.5,PBC,"Shields, Ronnie",Male
93,94,"Mthalane, Moruti",ZA,112,3.0,4.0,TK Boxing,"Nathan, Colin",Male
94,95,"Nakatani, Junto",JP,112,3.0,4.0,,,Male
95,96,"Navarrete, Emanuel",MX,126,3.0,5.0,,"Navarrete, Pedro",Male
96,97,"Nery, Luis",MX,122,3.0,3.5,PBC,,Male
97,98,"Oubaali, Nordine",FR,118,3.0,3.0,MTK Global,"Oubaali, Ali",Male
98,99,"Rakhimov, Shavkat",RU,130,3.0,4.0,RCC,"Popov, Nikolay",Male
99,100,"Sanchez, Saul",US,118,3.0,4.5,Thompson,"Robles, Manny",Male
100,101,"Smith, Callum",GB,175,3.0,3.0,Matchroom,"McGirt, Buddy",Male
101,102,"Tanaka, Kosei",JP,115,3.0,4.0,Hatanaka,"Tanaka, Hitoshi",Male
102,103,"Teraji, Kenshiro",JP,108,3.0,4.0,Teiken,"Teraji, Hisashi",Male
103,104,"Vargas, Rey",MX,122,3.0,3.0,PBC,"Beristain, Nacho",Male
104,105,"Villa, Ruben",US,126,3.0,3.0,Thompson,"Garcia, Max",Male
105,106,"Zepeda, Jose",US,140,3.0,3.5,Zanfer,"Zepeda, Rene",Male
106,107,"Fulton, Stephen",US,122,3.0,3.0,PBC,"Muhammad, Hamza",Male
107,108,"Roman, Daniel",US,122,3.0,4.0,PBC,"Gonzalez, Eddie",Male
108,109,"Cieslak, Michal",PL,200,3.0,3.0,Babilon,"Liczik, Andrzej",Male
109,110,"Aleem, Raeese",US,122,3.0,3.0,Kings,"McCoy, Bobby ",Male
110,111,"Nontshinga, Sivenathi",ZA,108,3.0,4.0,Rumble Africa,"Gopheni, Thembani",Male
111,112,"Sor Rungvisai, Srisaket",TH,115,3.0,4.0,Matchroom,,Male
112,113,"Smith Jr, Joe",US,175,3.0,4.0,Top Rank,"Copabianco, Jerry",Male
113,114,"Postol, Viktor",UA,140,3.0,3.0,,"Roach, Freddie",Male
114,115,"Rodriguez, Emmanuel",PR,118,3.0,2.0,PBC,"Trinidad, Freddy ",Male
115,116,"Dicaire, Marie Eve",CA,154,3.0,2.0,GYM,,Female
116,117,"Perkins, Danielle",US,HWT,3.0,3.0,Kings,,Female
117,118,"Braekhus, Cecilia",NO,147,3.0,3.0,,"Sanchez, Abel",Female
118,119,"Ibarra, Alma",MX,154,3.0,4.0,,"Mucino, Ivan",Female
119,120,"Bermudez, Daniela",AR,126,3.0,3.0,O R Promotions,"Bermudez, Nindolfo",Female
120,121,"Cruz, Erika",MX,126,3.0,4.0,Matchroom,,Female
121,122,"Jonas, Tasha",GB,135,3.0,3.0,Boxxer,"Gallagher, Joe",Female
122,123,"Zamora, Ibeth",MX,112,3.0,4.0,,"Duarte, Carlos",Female
123,124,"Farias, Erica Anabella",AR,130,3.0,3.0,O R Promotions,,Female
124,125,"Bermudez, Evelin",AR,108,3.0,4.0,O R Promotions,,Female
125,126,"Ramirez, Gilberto",MX,175,3.0,4.0,Golden Boy,"Chua, Julian",Male
126,127,"Urbina, Sulem",MX,112,3.0,3.0,Golden Boy,,Female
127,128,"Fundora, Gabriela",US,112,3.0,3.0,Sampson,"Fundora, Freddy",Female
128,129,"Mercado, Yamileth",MX,122,3.0,3.0,,"Reyes, Miguel",Female
129,130,"Han, Jennifer",US,135,3.0,2.0,,"Burke, Louie",Female
130,131,"Yabuki, Masamichi",JP,108,3.0,3.0,,,Male
131,132,"Mitchell, Jamie",US,118,3.0,4.0,Matchroom,"Cooper, Dewey",Female
132,133,"McGee, Mary",US,140,3.0,4.0,DiBella,,Female
133,134,"Hamadouche, Maiva",FR,130,3.0,5.0,Matchroom,"Laloui, Nasser",Female
134,135,"Baumgardner, Alycia",US,130,3.0,4.0,Matchroom,,Female
135,136,"Reis, Kali",CA,140,3.0,4.0,DiBella,"Cohen, Brian",Female
136,137,"Camara, Jessica ",CA,140,3.0,4.0,,"MacKillop, Ian",Female
137,138,"Sharipova, Firuza",KZ,135,3.0,3.0,,"Kubyshev, Sergey",Female
138,139,"Parker, Joseph",NZ,HWT,2.99,2.95,Matchroom,"Lee, Andy",Male
139,140,"Zepeda, William",MX,135,2.97,4.5,Golden Boy,,Male
140,141,"Smith, Liam",GB,154,2.96,3.0,Matchroom,"Gallagher, Joe",Male
141,142,"Garcia, Danny",US,147,2.96,3.0,PBC,"Garcia, Angel",Male
142,143,"Commey, Richard",GH,135,2.94,4.25,DiBella,"Rozier, Andre",Male
143,144,"Rosario, Jeison",DO,154,2.92,3.75,PBC,"Caicedo, Herman",Male
144,145,"Stanionis, Eimantas",LT,147,2.92,3.25,PBC,"Somodio, Marvin",Male
145,146,"Rivera, Michel",DO,135,2.9,3.5,PBC,"Caicedo, Herman",Male
146,147,"Sanchez, Frank",CU,HWT,2.9,2.0,PBC,"Reynoso, Eddy",Male
147,148,"Fundora, Sebastian",US,154,2.88,3.0,PBC,"Fundora, Freddy",Male
148,149,"Cruz, Isaac",MX,135,2.84,4.25,PBC,"Cruz Sr, Isaac",Male
149,150,"Gausha, Terrell",US,154,2.84,2.25,PBC,"Robles, Manny",Male
150,151,"Ramos, Jesus",US,154,2.82,4.0,PBC,"Ramos, Jesus",Male
151,152,"Kovalev, Sergey",RU,175,2.8,3.8,Main Events,"McGirt, Buddy",Male
152,153,"Kurbanov, Magomed",RU,154,2.8,2.75,RCC,,Male
153,154,"Rabii, Mohammed",MA,154,2.78,3.0,SES,"Davison, Ben",Male
154,155,"Ajagba, Efe",NG,HWT,2.78,2.88,Top Rank,"Koroma, Kay",Male
155,156,"Martin, Frank",US,135,2.77,4.0,,"James, Derrick",Male
156,157,"Butaev, Radzhab",RU,147,2.76,3.0,DiBella,,Male
157,158,"Harrison, Tony ",US,154,2.76,3.75,PBC,"Salaam, Ali",Male
158,159,"Zayas, Xander",PR,147,2.76,3.5,Top Rank,"Centeno, Javiel",Male
159,160,"Culcay, Jack",DE,154,2.76,3.0,Agon,"Stachewicz, Michael",Male
160,161,"Abdullaev, Zaur",RU,135,2.75,3.0,RCC,"Popov, Nikolay",Male
161,162,"Ryder, John",GB,168,2.75,3.0,Matchroom,"Sims, Tony",Male
162,163,"Miller, Ladarius",US,135,2.74,2.0,Mayweather,"Ramos, Rafael",Male
163,164,"Teixeira, Patrick",BR,154,2.72,3.25,Golden Boy,"Romo, Rogelio",Male
164,165,"Davis, Keyshawn",US,135,2.7,4.0,Top Rank,"McIntyre, Brian",Male
165,166,"Adams, Brandon",US,154,2.68,3.0,Banner,"Huntley, Dub",Male
166,167,"Yeleussinov, Daniyar",KZ,147,2.68,3.0,,"Santos, Derik",Male
167,168,"Marinez, Jackson",DO,135,2.67,2.5,,"Garcia, Robert",Male
168,169,"Akhmedov, Ali",KZ,168,2.67,4.33,GGG,"Banks, Johnathan",Male
169,170,"Moloney, Jason",AU,118,2.67,3.33,Top Rank,"Hyder, Angelo",Male
170,171,"Whyte, Dillian",GB,HWT,2.67,3.67,Matchroom,"Miller, Xavier",Male
171,172,"Ellis, Rashidi",US,147,2.64,3.0,Golden Boy,"Rivera, Alex",Male
172,173,"Garcia, Sergio",ES,154,2.64,2.5,MaravillaBox,"Iglesias, Victor",Male
173,174,"Hunter, Michael",US,HWT,2.6,2.5,,"Rahman, Hasim",Male
174,175,"Nakatani, Masayoshi",JP,135,2.6,3.0,Top Rank,"Tanaka, Sendai",Male
175,176,"Muratalla, Raymond",US,135,2.57,3.0,,"Garcia, Robert",Male
176,177,"Soro, Michel",FR,154,2.56,3.0,Univent,"Sanchez, Abel",Male
177,178,"Clayton, Custio",CA,147,2.56,3.0,Lee Baxter,"Belanger, Eric",Male
178,179,"Yoka, Tony ",FR,HWT,2.55,2.83,Top Rank,"Hunter, Virgil",Male
179,180,"Fortuna, Javier",DO,135,2.54,4.0,PBC,,Male
180,181,"Ortiz, Jamaine",US,135,2.52,3.75,CES,"Gonzalez, Isaac",Male
181,182,"Cancio, Andrew",US,130,2.5,4.0,Top Rank,"Goossen, Joe",Male
182,183,"Derevyanchenko, Sergiy",UA,160,2.5,4.0,PBC,"Stark, Gary",Male
183,184,"Lara, Erislandy",US,160,2.5,3.13,PBC,"Salas, Ismael",Male
184,185,"Martin, Charles",US,HWT,2.5,3.25,PBC,"Robles, Manny",Male
185,186,"McKenna, Aaron",IE,160,2.5,4.5,Hennessy,,Male
186,187,"Munguia, Jaime",MX,160,2.5,4.0,Golden Boy,"Morales, Erik",Male
187,188,"Papin, Aleksei",RU,200,2.5,3.0,RCC,"Ivichuk, Andrei",Male
188,189,"Rigondeaux, Guillermo",CU,122,2.5,1.5,PBC,"Shields, Ronnie",Male
189,190,"Ugas, Yordenis ",CU,147,2.5,2.5,PBC,"Salas, Ismael",Male
190,191,"Yarde, Anthony ",GB,175,2.5,3.5,Queensberry,"Ajayi, Tunde",Male
191,192,"Lemieux, David",CA,168,2.5,4.0,,"Ramsay, Marc",Male
192,193,"Pascal, Jean ",CA,175,2.5,3.5,,"LaRouche, Stephan",Male
193,194,"Pasillas, Vic",US,126,2.5,4.0,,"Schwartz, Brian",Male
194,195,"Castro, Marc",US,130,2.5,3.0,Matchroom,"Castro, Tony",Male
195,196,"Fierro, Angel",MX,135,2.5,4.0,Matchroom,"Fernandez, Fernando",Male
196,197,"Kavaliauskas, Egidijus",LT,147,2.48,3.5,,"Contreras, Marco",Male
197,198,"Williamson, Troy",GB,154,2.48,4.0,Probellum,"Carney, Craig",Male
198,199,"Vianello, Guido",IT,HWT,2.46,3.5,Top Rank,,Male
199,200,"Avanesyan, David",RU,147,2.42,4.13,Queensberry,,Male
200,201,"Adorno, Joseph",US,135,2.4,3.75,Top Rank,"Adorno, Anibal",Male
201,202,"Benn, Conor",GB,147,2.4,3.75,Matchroom,"Sims, Tony",Male
202,203,"Linares, Jorge",VE,135,2.4,4.0,Teiken,,Male
203,204,"Lopez, Josesito",US,147,2.4,4.25,PBC,"Garcia, Robert",Male
204,205,"Wallin, Otto",SE,HWT,2.38,3.0,Salita,"Gamache, Joey",Male
205,206,"Corrales, Jezreel",PA,135,2.37,2.5,,"Corrales, Alejandro",Male
206,207,"Baraou, Abass",DE,154,2.36,3.0,Wasserman,"Booth, Adam",Male
207,208,"van Heerden, Chris",ZA,147,2.36,3.0,,"Viloria, Brian",Male
208,209,"Garcia, Mikey",US,147,2.36,2.88,Matchroom,"Garcia, Robert",Male
209,210,"Rivas, Oscar",CO,HWT,2.35,3.25,Top Rank,"Ramsay, Marc",Male
210,211,"Baranchyk, Ivan",BY,140,2.33,4.33,DiBella,"Diaz, Pedro",Male
211,212,"Conlan, Michael",IE,126,2.33,1.67,Top Rank,"Booth, Adam",Male
212,213,"Farmer, Tevin",US,130,2.33,2.33,,"Rivas, Raul",Male
213,214,"Ceballo, Brian",US,147,2.32,2.75,360,"Morgan, Colin",Male
214,215,"Romero, Rolando",US,135,2.32,3.25,PBC,"Gordon, Cromwell",Male
215,216,"Brook, Kell",GB,154,2.32,3.25,,"Ingle, Dominic",Male
216,217,"Jones III, Otha",US,135,2.31,3.5,,"Jones, Otha",Male
217,218,"James, Jamal",US,147,2.3,2.88,PBC,"Frazier, Sankara",Male
218,219,"Tagoe, Emmanuel",GH,135,2.3,3.0,DiBella,"Centeno, Javiel",Male
219,220,"Crowley, Cody",CA,147,2.28,3.0,PBC,"Cason, Ibn",Male
220,221,"Perrella, Bryant",US,154,2.28,3.0,PBC,"Nowling, Michael",Male
221,222,"Gamboa, Yuriorkis",CU,135,2.27,2.75,,,Male
222,223,"Cissokho, Souleymane",FR,154,2.24,3.0,Matchroom,"Hunter, Virgil",Male
223,224,"Lipinets, Sergey",RU,147,2.24,3.63,PBC,"Goossen, Joe",Male
224,225,"Selby, Lee",GB,135,2.24,1.75,,"Borg, Tony",Male
225,226,"Polanco, Rohan",DO,147,2.24,3.25,,,Male
226,227,"Ortiz, Luis",CU,HWT,2.23,2.75,PBC,"Caicedo, Herman",Male
227,228,"Helenius, Robert",FI,HWT,2.23,3.13,,"Lindstrom, Johan",Male
228,229,"Williams, Julian",US,154,2.22,3.0,PBC,"Edwards, Stephen",Male
229,230,"Pulev, Kubrat",BG,HWT,2.2,2.13,,"Cason, Ibn",Male
230,231,"Verdejo, Felix",PR,135,2.2,3.0,,,Male
231,232,"Vargas, Jessie",US,154,2.2,2.75,Matchroom,"Zavala, Ernie",Male
232,233,"Jalolov, Bakhodir",UZ,HWT,2.2,4.0,DiBella,,Male
233,234,"Fitzgerald, Scott",GB,154,2.18,3.0,Matchroom,"Jennings, Michael",Male
234,235,"Walsh, Liam",GB,135,2.18,2.0,MTK Global,"Everett, Graham",Male
235,236,"Machado, Alberto",PR,135,2.17,3.0,Golden Boy,"Montanez, Victor",Male
236,237,"Hughes, Maxi",GB,135,2.17,3.0,Matchroom,"O'Hagan, Sean",Male
237,238,"Clark, Jamontay",US,154,2.16,3.0,PBC,"Benford, Kevin",Male
238,239,"Mbenge, Thulani",ZA,147,2.16,3.75,Golden Gloves,"Smith, Sean",Male
239,240,"Fedosov, Andrey",RU,HWT,2.15,3.0,Banner,,Male
240,241,"Patera, Francesco",BE,135,2.14,2.5,,"Patera, Biagio",Male
241,242,"Hurd, Jarrett",US,154,2.13,3.0,PBC,"Koroma, Kay",Male
242,243,"Hooker, Maurice",US,147,2.1,4.13,,"McIntyre, Brian",Male
243,244,"Mason, Abdullah",US,135,2.1,4.0,Top Rank,"Mason, Valiant",Male
244,245,"Algieri, Chris",US,147,2.09,3.0,Star,"Santos, Derik",Male
245,246,"Hernandez, Vladimir",MX,154,2.09,4.0,,,Male
246,247,"Kelly, Josh",GB,147,2.08,2.0,Wasserman,"Booth, Adam",Male
247,248,"Sirenko, Vladyslav",UA,HWT,2.08,3.0,,,Male
248,249,"Chisora, Derek",GB,HWT,2.08,4.06,,"McGirt, Buddy",Male
249,250,"Orozco, Antonio",MX,147,2.07,4.0,,"Barragan, Carlos",Male
250,251,"Booker, Chordale",US,154,2.06,3.0,,"Mickens, Ahmad",Male
251,252,"Cheeseman, Ted",GB,154,2.06,4.13,Matchroom,"Sims, Tony",Male
252,253,"Dulorme, Thomas",PR,147,2.06,3.0,PBC,"Diaz, Joel",Male
253,254,"Takam, Carlos",FR,HWT,2.05,3.5,Star,"Yarde, Dwight",Male
254,255,"Fernandez, Jon",ES,135,2.05,3.25,MaravillaBox,"Rodriguez, Tinin",Male
255,256,"Collazo, Luis",US,147,2.04,2.75,,"Vargas, Willie",Male
256,257,"Majidov, Mahammadrasul",AZ,HWT,2.04,3.25,Matchroom,"Jackson, John David",Male
257,258,"Kabayel, Agit",DE,HWT,2.03,2.88,SES,"Aksu, Sukru",Male
258,259,"Horn, Jeff",AU,154,2.03,3.0,D&amp;L,"Rushton, Glenn",Male
259,260,"Bakole, Martin",CG,HWT,2.02,3.0,,"Nelson, Billy",Male
260,261,"Forrest, Jerry",US,HWT,2.01,2.75,DiBella,"Chase, Anthony",Male
261,262,"Abdukakhorov, Kudratillo",UZ,147,2.0,3.0,Sampson,"Aliev, Iigar",Male
262,263,"Acosta, Angel",PR,112,2.0,5.0,Golden Boy,"DeLeon, Juan",Male
263,264,"Adames, Carlos",DO,160,2.0,4.0,PBC,"Salas, Ismael",Male
264,265,"Akhmedov, Batyr",RU,140,2.0,4.0,,"Diaz, Joel",Male
265,266,"Alvarado, Rene",NI,130,2.0,3.0,Golden Boy,"Gonzalez, Sergio",Male
266,267,"Apochi, Efetobor",NG,200,2.0,5.0,PBC,"Shields, Ronnie",Male
267,268,"Araneta, Christian",PH,108,2.0,4.0,,"Junco, Jinggoy",Male
268,269,"Barrera, Sullivan",CU,175,2.0,3.0,,"Santos, Derik",Male
269,270,"Barrios, Mario",US,140,2.0,3.0,PBC,"Hunter, Virgil",Male
270,271,"Bell, Albert",US,130,2.0,2.0,,"Bell, Andrew",Male
271,272,"Beltran, Raymundo",MX,135,2.0,3.75,,"Roach, Freddie",Male
272,273,"Billam-Smith, Chris",GB,200,2.0,3.0,Matchroom,"McGuigan, Shane",Male
273,274,"Boesel, Dominic",DE,175,2.0,3.0,SES,"Dzemski, Dirk",Male
274,275,"Bolotniks, Ricards",LV,175,2.0,4.0,LNK,"Siholajs, Dmitirijs",Male
275,276,"Boyd, Luke ",AU,122,2.0,5.0,,"Williams, Rodney",Male
276,277,"Brant, Rob",US,160,2.0,3.0,,"McIntyre, Brian",Male
277,278,"Can, Xu",CN,126,2.0,3.0,Golden Boy,"Diaz, Pedro",Male
278,279,"Canizales, Carlos",VE,108,2.0,4.0,,"Hernandez, Nicolas",Male
279,280,"Caraballo, Carlos",PR,118,2.0,4.0,Top Rank,,Male
280,281,"Cash, Felix",GB,160,2.0,4.0,Matchroom,"Sims, Tony",Male
281,282,"Castro, Carlos",US,122,2.0,4.0,PBC,"Robles, Manny",Male
282,283,"Ceja, Julio",MX,122,2.0,5.0,Pueblo,"Salas, Ismael",Male
283,284,"Centeno Jr, Hugo",US,160,2.0,3.0,Salita,"Centeno, Hugo",Male
284,285,"Chudinov, Fedor",RU,168,2.0,3.0,,,Male
285,286,"Cintron, Jeyvier",PR,115,2.0,3.0,,"Calderon, Ivan",Male
286,287,"Clary, Toka Kahn",US,126,2.0,3.0,,"Roach, Freddie",Male
287,288,"Coceres, Marcelo Esteban",AR,168,2.0,3.0,Argentina Boxing,"Paniagua, Ruben",Male
288,289,"Conceicao, Robson",BR,130,2.0,3.0,Top Rank,"Barreto, Luiz Carlos",Male
289,290,"Cuadras, Carlos",MX,115,2.0,4.0,Teiken,"Hernandez, Rudy",Male
290,291,"Davies, Ohara",GB,140,2.0,3.0,Probellum,"Fernandez, Angel",Male
291,292,"De La Hoya, Diego",MX,122,2.0,4.0,Golden Boy,"Diaz, Joel",Male
292,293,"Dickens, Jazza",GB,126,2.0,3.0,,,Male
293,294,"Dirrell, Anthony ",US,168,2.0,3.0,PBC,"Steward, SugarHill",Male
294,295,"Dlamini, Lerato",ZA,126,2.0,3.0,Rumble Africa,"Nathan, Colin",Male
295,296,"Dusmatov, Hasanboy",UZ,108,2.0,4.0,World of Boxing,"Diaz, Antonio",Male
296,297,"Easter Jr, Robert",US,140,2.0,3.0,PBC,"Easter, Robert",Male
297,298,"Edwards, Charlie ",GB,118,2.0,2.0,Queensberry,"Smith, Grant",Male
298,299,"Escandon, Oscar",CO,126,2.0,3.0,PBC,"Guerrero, Ruben",Male
299,300,"Eubank Jr, Chris",GB,160,2.0,3.0,Wasserman,"Jones, Roy",Male
300,301,"Falcao, Esquiva",BR,160,2.0,2.5,Top Rank,"Garcia, Robert",Male
301,302,"Fayfer, Ruslan ",RU,200,2.0,2.5,,,Male
302,303,"Feliciano, Luis",US,140,2.0,4.0,Golden Boy,"Lira, Ben",Male
303,304,"Fielding, Rocky",GB,168,2.0,3.0,,"Moore, Jamie",Male
304,305,"Flores Jr, Gabriel",US,130,2.0,3.0,Top Rank,"Flores, Gabriel",Male
305,306,"Foster, Charles",US,175,2.0,2.0,Murphys,"Rosa, Luis",Male
306,307,"Foster, O'Shaquie",US,130,2.0,3.0,Probellum,"Benton, Bobby",Male
307,308,"Fukuhara, Tatsuya",JP,105,2.0,3.0,,,Male
308,309,"Fuzile, Azinga",ZA,130,2.0,3.0,Rumble Africa,"Njekanye, Mzamo",Male
309,310,"Giyasov, Shakhram",UZ,140,2.0,4.0,Matchroom,"Diaz, Joel",Male
310,311,"Glowacki, Krzysztof",PL,200,2.0,3.0,,"Lapin, Fiodor",Male
311,312,"Gonzalez, Joet",US,126,2.0,3.0,Top Rank,"Gonzalez, Jose",Male
312,313,"Gonzalez, Jonathan",PR,112,2.0,3.0,,,Male
313,314,"Goulamirian, Arsen",FR,200,2.0,3.0,Univent,"Sanchez, Abel",Male
314,315,"Gutierrez, Andres",MX,130,2.0,3.0,Pueblo,"Diaz, Joel",Male
315,316,"Gutierrez, Roger",VE,130,2.0,3.0,Golden Boy,"Centeno, Enrique",Male
316,317,"Harris , Jay",GB,112,2.0,4.0,MTK Global,"Harris, Peter",Male
317,318,"Hart, Jesse",US,175,2.0,3.0,,"Jenkins, Fred",Male
318,319,"Hatanaka, Kento ",JP,112,2.0,3.0,Hatanaka,,Male
319,320,"Heno, Edward ",PH,108,2.0,4.0,,"Durano, Roel",Male
320,321,"Hernandez, Rocky",MX,130,2.0,4.0,Probellum,"Robles, Manny",Male
321,322,"Hisada, Tetsuya",JP,108,2.0,3.0,,"Miyazaki, Yosuke",Male
322,323,"Hovhannisyan, Azat",AM,122,2.0,4.0,Golden Boy,"Garcia, Robert",Male
323,324,"Hutchinson, Willy",GB,175,2.0,4.0,Queensberry,"Ingle, Dominic",Male
324,325,"Inoue, Takuma",JP,118,2.0,3.0,Ohashi,"Inoue, Shingo",Male
325,326,"Islam, Kanat",KZ,160,2.0,3.0,Qazaq,,Male
326,327,"Iwasa, Ryosuke",JP,122,2.0,3.0,,"Kobayashi, Shoji",Male
327,328,"Iwata, Shokichi",JP,108,2.0,4.0,Teiken,,Male
328,329,"Jimenez, Norbelto",DO,115,2.0,3.0,Shuan,"Perez, Luis",Male
329,330,"Johnson, Tureano",BS,160,2.0,4.0,,"Rozier, Andre",Male
330,331,"Kalkreuth, Tristan ",US,200,2.0,4.0,Golden Boy,"Shields, Ronnie",Male
331,332,"Kameda, Tomoki",JP,122,2.0,2.0,,"Suzuki, Kyosuke",Male
332,333,"Kamilov, Ruslan",RU,130,2.0,3.0,RCC,,Male
333,334,"Kashinsky, Yury ",RU,200,2.0,2.0,RCC,"Popov, Nikolay",Male
334,335,"Kimura, Sho",JP,108,2.0,3.0,,"Ariyoshi, Masayuki",Male
335,336,"Korobov, Matvey",US,160,2.0,3.0,PBC,"Mooney, Charles",Male
336,337,"Lebron, Henry",PR,130,2.0,3.0,Top Rank,,Male
337,338,"Lee, Brandun ",US,140,2.0,4.0,D&amp;D,"Lee, Bobby",Male
338,339,"Lopez, Adam",US,126,2.0,4.0,Top Rank,"Castaneda, Ivan",Male
339,340,"Magdaleno, Jessie ",US,126,2.0,2.0,Top Rank,"Capetillo, Jorge",Male
340,341,"Marrero, Claudio",DO,130,2.0,3.0,PBC,"DeLeon Jr, Carlos",Male
341,342,"Martin, Sandor ",ES,140,2.0,2.0,Matchroom,"Martin, Rafael",Male
342,343,"Martinez, Xavier",US,130,2.0,4.0,Top Rank,"Woods, Ray",Male
343,344,"Masoud, Shabaz",GB,126,2.0,3.0,Probellum,"Masoud, Tahir",Male
344,345,"Matias, Subriel",PR,140,2.0,5.0,Fresh Productions,"Trinidad, Freddy ",Male
345,346,"McCarthy, Tommy",GB,200,2.0,3.0,Matchroom,"Taylor, Pete",Male
346,347,"McGregor, Lee",GB,118,2.0,4.0,Matchroom,"Davison, Ben",Male
347,348,"Mchunu, Thabiso",ZA,200,2.0,3.0,,"Smith, Sean",Male
348,349,"McKenna, Tyrone",GB,140,2.0,4.0,MTK Global,"Taylor, Pete",Male
349,350,"Melikuziev, Bektemir",UZ,168,2.0,4.0,Golden Boy,"Diaz, Joel",Male
350,351,"Melindo, Milan",PH,112,2.0,2.0,,"Villamor, Edito",Male
351,352,"Merhy, Ryad",BE,200,2.0,4.0,RCC,"Bermudez, Hector",Male
352,353,"Mimoune, Mohamed",FR,140,2.0,4.0,MK Events,"Oumiha, Mehdi",Male
353,354,"Moloney, Andrew",AU,115,2.0,4.0,Top Rank,"Hyder, Angelo",Male
354,355,"Murata, Ryota",JP,160,2.0,4.0,Top Rank,"Tanaka, Sendai",Male
355,356,"Nova, Abraham",US,126,2.0,3.0,Top Rank,"DeLuca, Mark",Male
356,357,"Noynay, Joe",PH,130,2.0,3.0,,"Elorde, Bebot",Male
357,358,"Obbadi, Mohammed",IT,112,2.0,3.0,OPI Since 82,"Bundu, Leonard",Male
358,359,"Ornelas, Max",US,118,2.0,4.0,RJJ,"Martinez, Gil",Male
359,360,"Palicte, Aston",PH,115,2.0,3.0,RJJ,"Mayol, Rodel",Male
360,361,"Parker, Zach",GB,168,2.0,3.0,Queensberry,"Mann, Paul",Male
361,362,"Payano, Juan Carlos",DO,118,2.0,3.0,PBC,"Caicedo, Herman",Male
362,363,"Pedraza, Jose",PR,140,2.0,3.0,Top Rank,"Espada, Luis",Male
363,364,"Petalcorin, Randy",PH,108,2.0,3.0,Sanman,"Velendez, Jose",Male
364,365,"Price, Hopey",GB,122,2.0,3.5,Matchroom,"Coldwell, Dave",Male
365,366,"Ramirez, Eduardo",MX,130,2.0,4.0,PBC,"Montiel, Manuel",Male
366,367,"Ramirez, Robeisy",CU,126,2.0,3.0,Top Rank,"Salas, Ismael",Male
367,368,"Riakporhe, Richard",GB,200,2.0,2.0,Boxxer,"Tibbs, Mark",Male
368,369,"Richards, Craig",GB,175,2.0,3.0,Matchroom,"Sims, Peter",Male
369,370,"Richards, Lerrone",GB,168,2.0,2.0,Matchroom,"Coldwell, Dave",Male
370,371,"Rios, Ronny",US,122,2.0,4.0,Golden Boy,"Lopez, Hector",Male
371,372,"Roach Jr, Lamont",US,130,2.0,2.0,Golden Boy,"Roach, Lamont",Male
372,373,"Rodriguez, Julian",US,140,2.0,4.0,,"Devia, Alex",Male
373,374,"Rosales, Cristofer",NI,112,2.0,4.0,M&amp;R,"Fernandez, Osmiri",Male
374,375,"Russell, Gary Antonio",US,118,2.0,3.0,PBC,"Russell Jr, Gary",Male
375,376,"Russell, Gary Antuanne",US,140,2.0,5.0,PBC,"Russell Sr, Gary",Male
376,377,"Salamov, Umar",RU,175,2.0,3.0,Top Rank,"Barry, Kevin",Male
377,378,"Saludar, Vic ",PH,105,2.0,3.0,,"Palacios, Jojo",Male
378,379,"Salva, Samuel",PH,105,2.0,3.0,,"Jimenez, Raffy",Male
379,380,"Sandoval, Ricardo",US,112,2.0,4.0,,"Torres, Jose",Male
380,381,"Shishkin, Vladimir",RU,168,2.0,3.0,Salita,"Harrison, L.J. ",Male
381,382,"Simpson, Lorenzo",US,160,2.0,3.0,,"Ford, Calvin",Male
382,383,"Sor Rungvisai, Nawaphon",TH,118,2.0,4.0,,,Male
383,384,"Sosa, Jason ",US,130,2.0,3.0,,"Rivas, Raul",Male
384,385,"Soto, Elwin",MX,108,2.0,4.0,Matchroom,"Pacheco, Agusto",Male
385,386,"Stepien, Pawel",PL,175,2.0,3.0,Knockout Promotions,,Male
386,387,"Sulecki, Maciej",PL,160,2.0,2.0,,"Wilczewski, Piotr",Male
387,388,"Tabiti, Andrew",US,200,2.0,2.5,Mayweather,"Pimpleton, Otis",Male
388,389,"Taconing, Jonathan",PH,108,2.0,3.0,,"Balaran, Eddie",Male
389,390,"Taduran, Pedro",PH,105,2.0,5.0,,"Macalos, Tacy",Male
390,391,"Tete, Zolani",ZA,118,2.0,2.0,Queensberry,"Mtya, Loyiso",Male
391,392,"Thompson, Shakiel",GB,160,2.0,2.0,Queensberry,"Etches, Adam",Male
392,393,"Turarov, Zhankosh",KZ,140,2.0,3.0,MTK Global,,Male
393,394,"Valladares, Daniel",MX,108,2.0,4.0,Zanfer,,Male
394,395,"Vargas, Josue",US,140,2.0,3.0,Top Rank,"Vargas, Elario",Male
395,396,"Vazquez, Miguel",MX,140,2.0,2.0,,"Vazquez, Angel",Male
396,397,"Vega, Axel",MX,108,2.0,3.0,All Star Boxing,"Caballero, Alfredo",Male
397,398,"Velasquez, Jose",CL,118,2.0,4.0,,"Velasquez, Pedro",Male
398,399,"Velazquez, Joselito",MX,112,2.0,4.0,Zanfer,"Roach, Freddie",Male
399,400,"Vlasov, Maksim",RU,175,2.0,3.0,Top Rank,"Petrochenko, Viktor",Male
400,401,"Ward, Thomas Patrick",GB,122,2.0,3.0,,"Fannan, Neil",Male
401,402,"Warrington, Josh",GB,126,2.0,4.0,Matchroom,"O'Hagan, Sean",Male
402,403,"Waseem, Muhammad ",PK,112,2.0,3.0,Probellum,"Vaughan, Danny",Male
403,404,"Williams, Austin",US,160,2.0,4.25,Matchroom,"Cunningham, Kevin",Male
404,405,"Williams, Liam",GB,160,2.0,4.0,Probellum,,Male
405,406,"Williams, Tramaine",US,122,2.0,3.0,Roc Nation,"Clark, Brian",Male
406,407,"Wood , Leigh ",GB,126,2.0,4.0,Matchroom,"Davison, Ben",Male
407,408,"Yaqubov, Muhammadkhuja",TJ,130,2.0,3.0,RCC,,Male
408,409,"Zaurbek, Sultan",KZ,130,2.0,3.0,MTK Global,"Fernandez, Angel",Male
409,410,"Zavala , Christopher",US,130,2.0,3.0,,"Robles, Manny",Male
410,411,"Bursak, Maksym",UA,168,2.0,3.0,,,Male
411,412,"Lino, Joel",PH,105,2.0,4.0,,,Male
412,413,"Andales, ArAr",PH,105,2.0,4.0,,"Labandia, Jun",Male
413,414,"Leo, Angelo",US,122,2.0,4.0,PBC,"Leo, Miguel",Male
414,415,"Diaz, Christopher",PR,126,2.0,2.0,Top Rank,"Roach, Freddie",Male
415,416,"Guzman, Jonathan",DO,122,2.0,3.0,Top Rank,"Bermudez, Hector",Male
416,417,"Alvarez, Elieder",CO,175,2.0,2.5,,"LaRouche, Stephan",Male
417,418,"Love, Montana",US,140,2.0,3.0,Matchroom,"Montgomery, Terence",Male
418,419,"Kossobutskiy, Zhan",KZ,HWT,2.0,3.25,Universum,,Male
419,420,"Doheny, T.J.",AU,122,2.0,3.0,,"Bermudez, Hector",Male
420,421,"Murdock, Rohan",AU,168,2.0,3.0,,"Carden, Chris",Male
421,422,"Urvanov, Mark",RU,130,2.0,3.0,RCC,,Male
422,423,"Sigqibo, Yanga",ZA,115,2.0,3.0,Rumble Africa,"Witbooi, Spokes",Male
423,424,"Malindi, Ronald",ZA,118,2.0,3.0,Rumble Africa,"Pailman, Bernie",Male
424,425,"Loreto, Rey",PH,105,2.0,4.0,,,Male
425,426,"Uzcategui, Jose",VE,168,2.0,3.0,Zanfer,"Cital, Jose",Male
426,427,"Thompson, Lionell",US,168,2.0,3.0,Mayweather,"Patterson, Donald",Male
427,428,"Jack, Badou",SE,200,2.0,3.0,Probellum,"Banks, Johnathan",Male
428,429,"Henrik, Artur",DE,168,2.0,4.0,SES,,Male
429,430,"Dogboe, Isaac",GB,126,2.0,4.0,,"Hunter, Barry",Male
430,431,"Ruenroeng, Amnat",TH,115,2.0,3.0,,,Male
431,432,"Gill, Jordan",GB,126,2.0,3.0,Matchroom,"Coldwell, Dave",Male
432,433,"Smith, Dalton",GB,140,2.0,4.0,Matchroom,"Smith, Grant",Male
433,434,"Espinoza, Ricardo",MX,122,2.0,4.0,All Star Boxing,,Male
434,435,"Ragan, Duke",US,126,2.0,3.0,Top Rank,"Koroma, Kay",Male
435,436,"Nelson, Steven",US,168,2.0,3.0,Top Rank,"McIntyre, Brian",Male
436,437,"Ziani, Samir",FR,130,2.0,4.0,,"Bennama, Mohamed",Male
437,438,"Breedy, Cobia",BB,126,2.0,3.0,,"Seymour, Floyd",Male
438,439,"Gonzalez, Israel",MX,118,2.0,3.0,,"Amador, Christian",Male
439,440,"Buitrago, Carlos",NI,108,2.0,3.0,Miguel Cotto,,Male
440,441,"Papeschi, Sebastian",AR,160,2.0,3.0,Sampson,,Male
441,442,"Catterall, Jack ",GB,140,2.0,2.0,Queensberry,"Moore, Jamie",Male
442,443,"Gonzalez, Yunieski",CU,175,2.0,4.0,,"Gonzalez, Eufracio",Male
443,444,"McKenna, Stephen",IE,140,2.0,4.5,Hennessy,,Male
444,445,"Rosa, Erick",DO,105,2.0,4.0,Shuan,,Male
445,446,"Baez, Eduardo",MX,122,2.0,4.0,,"Caballero, Marcos",Male
446,447,"Lemos, Gustavo",AR,140,2.0,4.0,O R Promotions,,Male
447,448,"Lerena, Kevin",ZA,200,2.0,3.0,DiBella,"Smith, Peter",Male
448,449,"Gaballo, Reymart",PH,118,2.0,3.0,M&amp;R,"Fernandez, Osmiri",Male
449,450,"Nunez, Luis",DO,126,2.0,4.0,Sampson,"Betancourt, Chelo",Male
450,451,"Puello, Alberto",DO,140,2.0,3.0,Shuan,,Male
451,452,"Kriel, Deejay",ZA,108,2.0,3.0,,"Harmon, Derrick",Male
452,453,"Oberlton, Atif",US,175,2.0,3.0,Kings,"Baker, Shar'ron",Male
453,454,"Barthelemy, Rances",CU,140,2.0,2.0,PBC,"Diaz, Pedro",Male
454,455,"Martinez, Kiko",ES,126,2.0,3.0,MaravillaBox,"Rodriguez, Tinin",Male
455,456,"Lara, Mauricio",MX,126,2.0,4.0,,"Lara, Gerardo",Male
456,457,"Diaz, Floyd",US,118,2.0,3.0,Top Rank,"Diaz, Mike",Male
457,458,"Isley, Troy",US,160,2.0,3.0,Top Rank,"Koroma, Kay",Male
458,459,"Nyika, David",NZ,200,2.0,3.0,,,Male
459,460,"Kunkabayev, Kamshybek",KZ,200,2.0,3.0,MTK Global,,Male
460,461,"Arroyo, McWilliams",PR,112,2.0,3.0,,"Otero, Anthony",Male
461,462,"Chevalier, Bryan",PR,126,2.0,4.0,Miguel Cotto,,Male
462,463,"Martinez, Jose",PR,118,2.0,3.0,Miguel Cotto,,Male
463,464,"Silyagin, Pavel",RU,168,2.0,4.0,Patriot,,Male
464,465,"Harrison, Monika",US,HWT,2.0,3.0,,,Female
465,466,"Cornejo, Maricela",US,160,2.0,3.0,,"McGirt, Buddy",Female
466,467,"Gonzalez, Cristian",MX,112,2.0,3.0,,,Male
467,468,"Valverde, Estrella",MX,118,2.0,3.0,,,Female
468,469,"Zrazhevskaya, Tatyana",RU,118,2.0,3.0,,,Female
469,470,"Nietes, Donnie",PH,115,2.0,2.0,Probellum,"Villamor, Edmund",Male
470,471,"Espinoza, Alexander",NI,118,2.0,4.0,,,Male
471,472,"Courtenay, Shannon",GB,122,2.0,4.0,Matchroom,"Iqbal, Huzaifah",Female
472,473,"Bridges, Ebanie",AU,118,2.0,5.0,Matchroom,"Tibbs, Mark",Female
473,474,"Rodriguez, Jonathan Javier",MX,115,2.0,4.0,,"Rodriguez, Marco Antonio",Male
474,475,"Gauto, Agustin",AR,108,2.0,4.0,O R Promotions,,Male
475,476,"Mbilli, Christian",FR,168,2.0,4.0,,"Decarie, Sam",Male
476,477,"Mrdjenovich, Jelena",CA,126,2.0,3.0,,"Banks, Johnathan",Female
477,478,"Johnson, Callum",GB,175,2.0,4.0,Queensberry,"Gallagher, Joe",Male
478,479,"Tapales, Marlon",PH,126,2.0,3.0,,"Mayol, Rodel",Male
479,480,"Takayama, Katsunari",JP,108,2.0,4.0,,,Male
480,481,"Sims Jr, Kenneth",US,140,2.0,3.0,,"Sims Sr, Kenneth",Male
481,482,"Bermudez, Esteban ",MX,108,2.0,4.0,Greg Cohen,,Male
482,483,"Ali, Ramla",SO,126,2.0,3.0,Matchroom,"Clayton, Joby",Female
483,484,"Jukembayev, Batyrzhan ",KZ,140,2.0,3.0,,"Robles, Manny",Male
484,485,"Hunter, April",GB,147,2.0,3.0,,"McNally, Joe",Female
485,486,"Ponce, Jeremias",AR,140,2.0,4.0,Universum,"Iglesias, Patricio",Male
486,487,"Bustos, Victoria Noelia",AR,140,2.0,3.0,O R Promotions,,Female
487,488,"Alameda, Aaron ",MX,122,2.0,3.0,Pueblo,"Bravo, Arnold",Male
488,489,"Rosado, Gabriel",US,160,2.0,3.0,,"Roach, Freddie",Male
489,490,"Hernandez, Melissa",PR,140,2.0,3.0,,"Taylor, Leon",Female
490,491,"Matellon, Daniel",CU,108,2.0,3.0,,"Mosquera, Juan",Male
491,492,"Argumedo, Jose",MX,108,2.0,4.0,,"Aguilar, Kevin",Male
492,493,"Cordova, Joel",MX,112,2.0,4.0,,"Garcia, Juan",Male
493,494,"Glanton, Brandon",US,200,2.0,4.0,,"Jones, Jason",Male
494,495,"Munoz, Kevin",AR,115,2.0,3.0,O R Promotions,,Male
495,496,"Demarco, Tamara",AR,108,2.0,3.0,,,Female
496,497,"Lopez, Debora Anahi",AR,112,2.0,2.0,Argentina Boxing,,Female
497,498,"Abellaneda, Yamila",AR,135,2.0,3.0,Argentina Boxing,,Female
498,499,"Yamauchi, Ryota",JP,112,2.0,3.0,,,Male
499,500,"Tsunami, Tenkai",JP,108,2.0,3.0,,"Yamaki, Toshihiro",Female
500,501,"Garcia, Hector",DO,126,2.0,3.0,,"Salas, Ismael",Male
501,502,"Lescurat, Clara",AR,112,2.0,4.0,,,Female
502,503,"Gangloff, Mailys",FR,118,2.0,3.0,,"Lamare, Miriam",Female
503,504,"Lopez, Luis Alberto",MX,130,2.0,3.0,Top Rank,,Male
504,505,"Gonzalez, Jessica",MX,118,2.0,3.0,,,Female
505,506,"Gholam, Moussa",MA,130,2.0,4.0,,"Gallego, Emiliano",Male
506,507,"Romero, Mary",ES,122,2.0,4.0,,"Ponce, Francisco",Female
507,508,"Anderson, Chelsey",US,135,2.0,4.0,,"Chavez, Bobby",Female
508,509,"Bas, Beke",DE,135,2.0,3.0,,,Female
509,510,"Jones, Ebonie",GB,118,2.0,3.0,Boxxer,"Edwards, Johnny",Female
510,511,"McGrail, Peter",GB,126,2.0,3.0,Probellum,"Stevenson, Paul",Male
511,512,"Cuello, Mirco",AR,122,2.0,4.0,,,Male
512,513,"Mendoza, Michael",PH,112,2.0,3.0,,,Male
513,514,"Nazarov, Olimjon",UZ,112,2.0,3.0,,,Male
514,515,"Tada, Etsuko",JP,105,2.0,3.0,,,Female
515,516,"Nguyen, Nhi",VN,105,2.0,3.0,,,Female
516,517,"Rozicki, Ryan",CA,200,2.0,4.0,,,Male
517,518,"Thompson, Jordan",GB,200,2.0,3.0,Matchroom,"Charles, Don",Male
518,519,"Scotney, Ellie",GB,122,2.0,3.25,Matchroom,"McGuigan, Shane",Female
519,520,"Sultan, Jonas",PH,118,2.0,4.0,,"Jimenez, Joven",Male
520,521,"Aguilar, Luz",MX,112,2.0,3.0,,,Female
521,522,"Medina, Christian",MX,118,2.0,4.0,,,Male
522,523,"Chapman, Raven ",GB,126,2.0,4.0,Stefy Bull,"Scott, Stuart",Female
523,524,"Harper, Terri",GB,130,2.0,3.0,Matchroom,"Bull, Stefy",Female
524,525,"Scull, William",CU,168,2.0,3.0,Agon,"Aldama, Franquis",Male
525,526,"Flores, Hector Gabriel",MX,108,2.0,4.0,,,Male
526,527,"Esquivel, Jessica",MX,126,2.0,3.0,,"Santos, Marcos",Female
527,528,"Ogawa, Kenichi",JP,130,2.0,3.0,Matchroom,"Tanaka, Sendai",Male
528,529,"Santiago, Alexandro",MX,118,2.0,3.0,Paco Presents,"Quirarte, Romulo",Male
529,530,"Carmona, Samuel",ES,112,2.0,4.0,,,Male
530,531,"Paradero, Robert",PH,105,2.0,3.0,,,Male
531,532,"Granadino, Ayelen",AR,112,2.0,2.0,,,Female
532,533,"Gomez, Debora",AR,112,2.0,3.0,,,Female
533,534,"Estudella, Mayco",AR,126,2.0,4.0,,,Male
534,535,"Ergashev, Shohjahon",UZ,140,2.0,5.0,Salita,"Steward, SugarHill",Male
535,536,"Guanini, Jorgelina",AR,122,2.0,4.0,,,Female
536,537,"Kushitashvili, Georgii",RU,175,2.0,4.5,,,Male
537,538,"Santillan, Giovani",US,147,1.99,3.75,Top Rank,"Santillan, Guillermo",Male
538,539,"Zhang, Zhilei",CN,HWT,1.99,3.0,Matchroom,"George, Shaun",Male
539,540,"Eranosyan, Otar",GE,135,1.99,4.0,,"Ibragimov, Timur",Male
540,541,"Conway, Kieron",GB,154,1.98,3.0,Matchroom,"Conway, James",Male
541,542,"Nunez, Ricardo",PA,135,1.98,3.0,,,Male
542,543,"Johnson, Tiger ",US,147,1.98,4.0,Top Rank,"Sefo, Renard",Male
543,544,"Tanajara, Hector",US,135,1.97,3.0,,"Garcia, Robert",Male
544,545,"Fowler, Anthony ",GB,154,1.96,2.75,Matchroom,"McGuigan, Shane",Male
545,546,"Rocha, Alexis",US,147,1.96,3.25,Golden Boy,"Lopez, Hector",Male
546,547,"Sheeraz, Hamzah",GB,154,1.96,3.0,Queensberry,"Funez, Ricky",Male
547,548,"Cabrera, Giovanni",US,135,1.96,2.0,,"Roach, Freddie",Male
548,549,"Kownacki, Adam ",PL,HWT,1.95,4.17,PBC,"Trimble, Keith",Male
549,550,"Valenzuela, Jose",US,135,1.95,3.0,,"Benavidez, Jose",Male
550,551,"Lejarraga, Kerman",ES,154,1.94,4.0,MGZ,"Larrinaga, Ibon",Male
551,552,"Curiel, Raul ",MX,147,1.92,4.0,Golden Boy,"Roach, Freddie",Male
552,553,"Faust, Victor",UA,HWT,1.92,4.0,ECB,,Male
553,554,"Torres, Ruben",US,135,1.91,4.0,Thompson,"Zamora, Danny",Male
554,555,"Duarte, Oscar",MX,135,1.9,4.0,,"Diaz, Joel",Male
555,556,"Walker, Eric ",US,154,1.9,3.0,DiBella,,Male
556,557,"Ramos, Abel",US,147,1.9,3.0,PBC,"Ramos, Jesus",Male
557,558,"Breazeale, Dominic",US,HWT,1.9,3.0,PBC,"Sanchez, Abel",Male
558,559,"Formella, Sebastian",DE,147,1.89,3.0,ECB,"Haupt, Mark",Male
559,560,"Giron, Rene Tellez",MX,135,1.89,3.0,,"Arellano, Bonifacio",Male
560,561,"Tennyson, James",GB,135,1.88,4.0,Matchroom,"Dunlop, Tony",Male
561,562,"Abreu, Juan Carlos",DO,154,1.88,3.0,Paco Presents,"Bermudez, Hector",Male
562,563,"Dychko, Ivan",KZ,HWT,1.88,4.0,Probellum,,Male
563,564,"Conto, Sonny",US,HWT,1.87,4.0,Top Rank,"Conto, Frank",Male
564,565,"Magdaleno, Diego",US,135,1.87,3.0,PBC,"Adams, Bones",Male
565,566,"Gesta, Mercito",PH,135,1.87,3.5,,"Somodio, Marvin",Male
566,567,"Cota, Jorge",MX,154,1.86,4.0,Sampson,"Montiel, Manuel",Male
567,568,"Essuman, Ekow",GB,147,1.86,3.0,Queensberry,"Brown, Barrington",Male
568,569,"Albright, Nahir",US,135,1.86,3.25,,,Male
569,570,"Balderas, Carlos",US,135,1.85,3.0,Top Rank,"McGirt, Buddy",Male
570,571,"Cobbs, Blair",US,147,1.84,3.5,Golden Boy,"Roach, Freddie",Male
571,572,"Gallimore, Nathaniel",US,154,1.84,3.0,,"Hernandez, George",Male
572,573,"Cully, Gary",IE,135,1.84,3.75,MTK Global,"Taylor, Pete",Male
573,574,"McKinson, Michael",GB,147,1.83,2.0,Matchroom,"Ballingall, Michael",Male
574,575,"Lewis, Daniel",AU,154,1.82,4.0,,"Shaw, Graham",Male
575,576,"Shaw, Stephan",US,HWT,1.82,3.0,DiBella,"Abdullah, Basheer",Male
576,577,"Ramirez, Roberto ",MX,135,1.82,3.0,Paco Presents,,Male
577,578,"Williams, Terrel",US,147,1.81,3.0,,"Pullman, John",Male
578,579,"del los Santos, Leonel",DO,135,1.81,4.0,,,Male
579,580,"Demirezen, Ali Eren",TR,HWT,1.8,3.25,ECB,,Male
580,581,"Zewski, Mikael",CA,147,1.8,3.0,GYM,"Zewski, Jean",Male
581,582,"Straffon, Jovanni",MX,135,1.8,3.0,Miura,"Vazquez, Miguel",Male
582,583,"Chaniev, Isa",RU,135,1.79,3.0,,,Male
583,584,"Figueroa Jr, Omar",US,147,1.78,3.0,PBC,"Diaz, Joel",Male
584,585,"Vendetti, Greg ",US,154,1.78,3.0,Murphys,"Ricciardi, Joey",Male
585,586,"Morales, Carlos",US,135,1.77,3.0,,"Rivera, Joey",Male
586,587,"Shelestyuk, Taras",UA,147,1.77,2.0,Probellum,"Chia, Julian",Male
587,588,"Dutchover, Michael",US,135,1.76,3.0,Thompson,"Zamora, Danny",Male
588,589,"Edisultanov, Islam",RU,154,1.76,3.0,,,Male
589,590,"Jennings, Bryant",US,HWT,1.76,2.0,,"Jackson, John David",Male
590,591,"Noakes, Sam",GB,135,1.75,3.0,Queensberry,"Smith, Alan",Male
591,592,"DeLoach, Justin ",US,147,1.75,3.0,PBC,"Clark, Sylvester",Male
592,593,"Mati, Reshat",US,147,1.74,4.0,Matchroom,"Sosa, Aureliano",Male
593,594,"Spencer, Joey",US,154,1.74,3.0,PBC,"Spencer, Jason",Male
594,595,"Vargas, Francisco",MX,135,1.74,3.0,,"Jimenez, Alejandro",Male
595,596,"Kongo, Chris",GB,147,1.72,3.0,Boxxer,"Davison, Ben",Male
596,597,"Saidi, Jama",DE,154,1.72,3.0,Agon,"Aldama, Franquis",Male
597,598,"Tucker, Jahi",US,147,1.71,3.0,Top Rank,"Tucker, Makonnan",Male
598,599,"Zlaticanin, Dejan",ME,135,1.71,3.0,,,Male
599,600,"Kulakhmet, Tursynbay",KZ,154,1.7,3.0,MTK Global,"Moore, Jamie",Male
600,601,"Madera, Will",US,135,1.7,3.0,Liveco,,Male
601,602,"Pero, Lenier",CU,HWT,1.7,3.75,,"Garbey, Ramon",Male
602,603,"Duno, Romero",PH,135,1.69,3.25,,"Mayol, Rodel",Male
603,604,"Bunch, Shinard",US,147,1.69,2.0,Sampson,"Rivas, Raul",Male
604,605,"Franklin, Jermaine",US,HWT,1.68,2.0,Salita,"Addison, Jesse",Male
605,606,"Murtazaliev, Bakhram",RU,154,1.68,3.0,Main Events,"Hunter, Virgil",Male
606,607,"Gomez, Christian",MX,147,1.68,3.25,,"Gomez, Roberto",Male
607,608,"Burns, Ricky ",GB,135,1.67,1.75,Probellum,"Sims, Tony",Male
608,609,"Taylor, Marquis",US,147,1.67,3.0,,,Male
609,610,"Rodriguez, Elvis",DO,140,1.67,3.0,PBC,"Roach, Freddie",Male
610,611,"Adeleye, David",GB,HWT,1.66,3.0,Queensberry,"Greaves, Frank",Male
611,612,"Metcalf, James",GB,154,1.66,3.25,Queensberry,"Schofield, George",Male
612,613,"Fox, Mykal",US,147,1.66,3.0,Kings,"Fox, Troy",Male
613,614,"Torres, Luis",MX,135,1.66,4.0,RJJ,,Male
614,615,"Wardley, Fabio",GB,HWT,1.65,3.92,Matchroom,"Hodgins, Robert",Male
615,616,"Palmetta, Alberto ",AR,147,1.65,3.0,,"Mooney, Charles",Male
616,617,"Hamazaryan, Zhora",AM,135,1.65,3.0,Banner,"Tarverdyan, Edmund",Male
617,618,"Ahio, Hemi",NZ,HWT,1.64,4.0,DiBella,"Heimuli, Lolo",Male
618,619,"Kroll, Paul",US,147,1.64,3.0,,"Melvin, Myke",Male
619,620,"Matevosyan, Haro",DE,154,1.64,3.0,Agon,"Aldama, Franquis",Male
620,621,"Golub, Ivan",UA,147,1.63,3.0,DiBella,"Rozier, Andre",Male
621,622,"Quintana, Agustin",AR,135,1.63,2.75,O R Promotions,,Male
622,623,"Santamaria, Luke",US,147,1.62,3.0,,"Capetillo, Javier",Male
623,624,"Castillo, Starling Wilson",DO,135,1.62,4.0,Sampson,"Fundora, Freddy",Male
624,625,"Charrat, Dylan ",FR,154,1.62,4.0,Univent,"Omrani, Faycal",Male
625,626,"Cuellar, Jesus Andres",AR,135,1.6,3.0,,"Contreras, Marco",Male
626,627,"Granados, Adrian",MX,147,1.6,2.0,PBC,"Hernandez, George",Male
627,628,"Kuzmin, Sergey",RU,HWT,1.6,2.75,,"Mashianov, Gennady",Male
628,629,"Rincon, Alex",US,154,1.6,4.0,Golden Boy,"Roach, Lamont",Male
629,630,"Arreola, Chris ",US,HWT,1.59,3.67,PBC,"Goossen, Joe",Male
630,631,"Vargas, Samuel",CO,147,1.59,3.0,Lee Baxter,"Adams, Bones",Male
631,632,"Bey, Mickey",US,135,1.58,2.75,,"Rozier, Andre",Male
632,633,"Pattinson, Cyrus",GB,154,1.58,3.5,Matchroom,"Rutherford, Graeme",Male
633,634,"Figueroa Bocachica, Janelson",US,147,1.57,3.0,Kings,"Figueroa, Nelson",Male
634,635,"Jarvis, Brock",AU,135,1.57,4.25,Matchroom,"Fenech, Jeff",Male
635,636,"DeMarco, Antonio",MX,147,1.56,4.0,,"Quirarte, Romulo",Male
636,637,"Fury, Hughie",GB,HWT,1.56,1.25,Boxxer,"Fury, Peter",Male
637,638,"Segawa, Sulaiman",UG,135,1.56,3.0,,"Kennedy, Randolph",Male
638,639,"Kiladze, Iago",GE,HWT,1.56,4.0,,,Male
639,640,"Biyarslanov, Arthur",CA,135,1.55,3.0,Probellum,"Decarie, Sam",Male
640,641,"Clay, Luther",GB,147,1.54,3.0,Siesta,"Martin, Adam ",Male
641,642,"Frometa, Francis",DO,135,1.54,4.0,,,Male
642,643,"Lawson III, Leon",US,154,1.54,2.0,,"Cunningham, Kevin",Male
643,644,"McKean, Demsey",AU,HWT,1.54,2.0,Matchroom,,Male
644,645,"Ruiz, Angel",MX,147,1.53,4.0,Thompson,"Robles, Manny",Male
645,646,"Washington, Gerald",US,HWT,1.52,2.25,PBC,"McGirt, Buddy",Male
646,647,"Prodan, Maxim",RO,147,1.51,2.0,OPI Since 82,"Cherchi, Franco",Male
647,648,"Santiago, Alfredo",DO,135,1.51,3.0,Fresh Productions,,Male
648,649,"Browne, Marcus",US,175,3.0,2.0,PBC,"James, Derrick",Male
649,650,"Carroll, Jono",IE,130,1.5,2.5,,"Ayrapetyan, Albert",Male
650,651,"Hogan, Dennis",IE,160,1.5,2.5,,"Rushton, Glenn",Male
651,652,"Juarez, Omar",US,140,1.5,3.0,PBC,"Juarez, Rudy",Male
652,653,"Madiev, Magomed",RU,160,1.5,2.5,,,Male
653,654,"McComb, Sean ",GB,140,1.5,1.5,MTK Global,"Vaughan, Danny",Male
654,655,"Normatov, Hurshidbek",UZ,154,1.5,1.0,DiBella,"Rozier, Andre",Male
655,656,"Rodriguez, Saul",US,130,1.5,3.0,,"Rodriguez, Saul",Male
656,657,"Tishchenko, Evgeny",RU,200,1.5,2.5,RCC,"Popov, Nikolay",Male
657,658,"Trout, Austin",US,154,1.5,1.75,,"Burke, Louie",Male
658,659,"Baluta, Ionut",RO,122,1.5,4.0,,,Male
659,660,"Norman Jr, Brian",US,147,1.5,3.0,,"Norman, Brian",Male
660,661,"Dulay, Austin",US,135,1.5,3.0,PBC,"Dulay, Fred",Male
661,662,"Evans, Craig",GB,135,1.48,1.25,Queensberry,"Rees, Gavin",Male
662,663,"Kerobyan, Ferdinand",US,147,1.48,4.0,Golden Boy,"Munchyan, Nshan",Male
663,664,"Bastida, Lucas",AR,154,1.48,3.0,Argentina Boxing,,Male
664,665,"Dacres, Solomon",GB,HWT,1.48,3.0,Matchroom,"McCracken, Max",Male
665,666,"Fa , Junior",NZ,HWT,1.47,2.88,DiBella,"Bareman, Eugene",Male
666,667,"Jenkins, Chris",GB,147,1.47,3.0,Queensberry,"Lockett, Gary",Male
667,668,"Ortiz, Steven",US,135,1.47,3.0,DiBella,"Rivas, Raul",Male
668,669,"Lozada, Antonio",MX,135,1.46,3.0,,,Male
669,670,"Ashkayev, Madiyar ",KZ,154,1.46,3.0,,,Male
670,671,"Fisher, Johnny ",GB,HWT,1.46,3.5,Matchroom,"Tibbs, Mark",Male
671,672,"DeLuca, Mark",US,154,1.45,3.38,Murphys,"Bermudez, Hector",Male
672,673,"Maestre, Gabriel",VE,147,1.45,3.0,,"Zerpa, Jorge",Male
673,674,"Jaimes, Manuel",US,135,1.44,4.0,,,Male
674,675,"Silva, Alejandro ",AR,154,1.44,3.0,,,Male
675,676,"Rice, Jonnie",US,HWT,1.44,4.0,,"Adams, Bones",Male
676,677,"Donovan, Paddy",IE,147,1.44,3.5,Top Rank,"Lee, Andy",Male
677,678,"Lua, Bryan",US,135,1.43,4.0,Top Rank,"Garcia, Robert",Male
678,679,"Dimitrenko, Alexander",DE,HWT,1.42,2.0,ECB,"Zbik, Sebastian",Male
679,680,"Molina, Fernando",MX,135,1.42,3.0,,,Male
680,681,"Reyes Jr, Mark",US,147,1.42,3.0,DiBella,"Rivas, Raul",Male
681,682,"Fail, Carl",GB,154,1.42,2.75,MTK Global,,Male
682,683,"Rozanski, Lukasz",PL,HWT,1.4,4.0,,"Basiak, Marian",Male
683,684,"Azhbenov, Nurtas",KZ,135,1.4,3.0,,,Male
684,685,"Schramm, Guido",AR,154,1.4,3.0,Sampson,,Male
685,686,"Bravo, Nestor",PR,135,1.39,3.0,PR Best,"Bonilla, Jose",Male
686,687,"Kiwitt, Freddy",DE,147,1.39,3.0,Universum,,Male
687,688,"Hyland Jr, Paul",GB,135,1.38,3.25,MHD,"Hyland, Paul",Male
688,689,"Karl, Ryan",US,147,1.38,4.25,PBC,"Shields, Ronnie",Male
689,690,"Omotoso, Wale",NG,154,1.38,4.0,PBC,"Brown, Eric",Male
690,691,"Bruzon, Geovany",CU,HWT,1.38,4.0,,"Goossen, Joe",Male
691,692,"Puente, Eric",US,135,1.37,3.0,Top Rank,"Garcia, Robert",Male
692,693,"Mendoza, Brian",US,154,1.36,3.0,,"Salas, Ismael",Male
693,694,"Romanov, Evgeny",RU,HWT,1.36,3.0,RCC,,Male
694,695,"Solomon, Brad ",US,147,1.36,1.75,,"Morvant, Lee",Male
695,696,"Babic, Alen",HR,HWT,1.36,5.0,Matchroom,"Pijetraj, Leonardo",Male
696,697,"Gallagher, Paddy",GB,147,1.35,3.0,MTK Global,"McManus, Gerard",Male
697,698,"Burgos, Juan Carlos",MX,135,1.35,3.0,,"Burgos, Miguel",Male
698,699,"Kadiru, Peter",DE,HWT,1.34,2.0,SES,"Morales, Christian",Male
699,700,"Sanchez, Evan",US,154,1.34,3.0,Golden Boy,"Sanchez, Omar",Male
700,701,"Maldonado Jr, Fidel",US,135,1.34,2.0,,"Maldonado, Fidel",Male
701,702,"Kotochigov, Viktor",KZ,135,1.33,2.0,MTK Global,,Male
702,703,"Kozaev, Aslanbek",RU,147,1.33,3.0,,"Ilyakhunov, Ayat",Male
703,704,"Miljas, Mladen",CA,HWT,1.32,3.0,Greg Cohen,"Mustafa, Eddie",Male
704,705,"Mominov, Bobirzhan",KZ,147,1.32,4.0,,,Male
705,706,"Cospolite, Howard",FR,154,1.32,2.0,,,Male
706,707,"Ibeh, Kingsley",US,HWT,1.31,3.0,,"Ricardo, Ricky",Male
707,708,"Dargan, Karl",US,135,1.31,3.0,,"Muhammad, Hamza",Male
708,709,"Coffie, Michael ",US,HWT,1.3,3.0,Kings,"Aguilar, Jose",Male
709,710,"Scarff, Harry",GB,154,1.3,3.0,,"Mitchell, Clifton",Male
710,711,"Taylor, Liam",GB,147,1.3,3.0,MTK Global,"Maylett, Steve",Male
711,712,"Ng, Jacob",AU,135,1.3,4.0,,"Ng, Stephen",Male
712,713,"Gorman, Nathan",GB,HWT,1.29,2.5,Wasserman,"Hatton, Ricky",Male
713,714,"Randall, Quinton",US,147,1.29,3.0,,,Male
714,715,"Daneff, Claudio",AR,135,1.29,2.0,Argentina Boxing,,Male
715,716,"Duversonne, Sanny",US,154,1.28,3.0,,,Male
716,717,"Petchmanee, Apichet",TH,135,1.27,3.0,,,Male
717,718,"Williams, Keeshawn",US,147,1.27,3.0,,"Hunter, Barry",Male
718,719,"Araujo, Elias",AR,135,1.26,3.5,Sampson,"Fundora, Freddy",Male
719,720,"Eggington, Sam ",GB,154,1.26,4.0,Hennessy,"Pegg, Jon",Male
720,721,"Tronche, Raphael",FR,HWT,1.26,3.0,,"Germain, Joseph",Male
721,722,"Toussaint, Wendy",US,154,1.26,2.0,Star,"Marino, Dom",Male
722,723,"Runowski, Przemyslaw",PL,147,1.26,2.0,,"Skiba, Gabriel",Male
723,724,"Gwynne, Gavin",GB,135,1.25,4.0,Sanigar,"Moore, Tony",Male
724,725,"Wach, Mariusz",PL,HWT,1.25,3.0,,"Wilczewski, Piotr",Male
725,726,"LaManna, Thomas",US,154,1.24,3.0,,"Lloyd, Reggie",Male
726,727,"Yun, Dmitry",RU,135,1.24,3.0,,,Male
727,728,"Salas, Ricardo",MX,147,1.24,3.0,Miura,,Male
728,729,"Larduet, Jose",CU,HWT,1.24,3.0,Universum,,Male
729,730,"Pintor, Mauricio",MX,147,1.23,4.0,,,Male
730,731,"Molina, Samuel ",ES,135,1.22,3.0,MGZ,"Heredia, Boris",Male
731,732,"Nistor, Mihai",RO,HWT,1.22,4.25,,"Diaz, Joel",Male
732,733,"Vera, John",US,154,1.22,3.0,RJJ,"Barrera, Raymond",Male
733,734,"Eyubov, Bakhtiyar",KZ,147,1.21,4.0,Salita,"Lorick, Nirmal",Male
734,735,"Dominguez, Santiago",MX,147,1.2,4.0,,,Male
735,736,"Stevens, Curtis",US,154,1.2,3.0,,"Rozier, Andre",Male
736,737,"Witherspoon, Chazz",US,HWT,1.2,2.0,,"Brooks, Tommy",Male
737,738,"Umurzakov, Ravshanbek",UZ,135,1.19,3.0,RCC,,Male
738,739,"Ofori, Jeff",GB,135,1.18,2.75,,"Allen, Bevis",Male
739,740,"Yeritsyan, Gor",AM,147,1.18,2.0,Punch Boxing,"Roach, Freddie",Male
740,741,"Donnelly, Steven",GB,154,1.18,3.0,MTK Global,,Male
741,742,"Hammer, Christian",DE,HWT,1.18,1.25,ECB,,Male
742,743,"Gomez, Eddie",US,147,1.17,3.0,,"Valle, Joey",Male
743,744,"Valentin, Edwin",PR,135,1.16,3.0,Miguel Cotto,,Male
744,745,"Natalizi, Mirko",IT,154,1.16,4.0,OPI Since 82,"Vigni, Stefano",Male
745,746,"Balogun, Mike",US,HWT,1.16,3.0,DiBella,,Male
746,747,"Smirnov, Evgeny",RU,135,1.15,3.0,,,Male
747,748,"Nurse, Tyrone",GB,147,1.15,2.0,,"Aston, Chris",Male
748,749,"Dawejko, Joey",US,HWT,1.14,2.0,,"Fortune, Justin",Male
749,750,"Gomez, Larry",US,147,1.14,4.0,,"Gomez, Gary",Male
750,751,"Santana, Franciso",US,154,1.14,3.0,,"Janik, Joseph",Male
751,752,"Garcia, Alexis",DO,HWT,1.14,3.0,,,Male
752,753,"Arias, George",DO,HWT,1.13,2.5,DiBella,,Male
753,754,"Perez, Jerry",US,135,1.13,3.0,,"Santa Cruz, Antonio",Male
754,755,"Tamrazyan, Vaghinak",RU,154,1.12,3.0,,,Male
755,756,"Indongo, Julius",NA,147,1.12,3.0,,,Male
756,757,"Ruiz, Alberto",MX,135,1.12,4.0,,,Male
757,758,"Bustos, Saul ",US,147,1.1,3.0,,"Robles, Manny",Male
758,759,"Smith, Kieran",GB,154,1.1,2.0,MTK Global,,Male
759,760,"Menard, Mason",US,135,1.1,3.0,,"Monceaux, Walter",Male
760,761,"Ormond, Stephen",IE,135,1.09,2.0,MTK Global,,Male
761,762,"Rock, Darmani",US,HWT,1.09,3.0,,,Male
762,763,"Fortea, Jorge",ES,154,1.08,2.0,MGZ,"Martinez, Vincent",Male
763,764,"Veron, Luis Alberto",AR,147,1.08,3.0,Argentina Boxing,"Rodriguez, Cristian",Male
764,765,"Rosales, Jessie Cris",PH,135,1.07,3.0,,"Calderon, Francisco",Male
765,766,"Rudenko, Andriy",UA,HWT,1.07,3.0,,,Male
766,767,"Barrera, Alejandro",MX,154,1.06,2.0,,"Hinojosa, Abel",Male
767,768,"Cardona, Justin",US,135,1.06,4.0,,"Guerrero, Ruben",Male
768,769,"Cruz, Angel",DO,147,1.06,4.0,,,Male
769,770,"Teslenko, Oleksandr",CA,HWT,1.06,3.0,DiBella,,Male
770,771,"Alfonso, Robert",CU,HWT,1.06,1.0,Skyy,"Deas, Jay",Male
771,772,"Chaves, Diego ",AR,154,1.04,2.0,,,Male
772,773,"Clavero, Javier",AR,135,1.04,1.75,,,Male
773,774,"Ugonoh, Izuagbe",PL,HWT,1.04,2.0,,"Anuchin, Roman",Male
774,775,"Tetley, Darren ",GB,147,1.04,3.0,MTK Global,"Marsden, Mick",Male
775,776,"Roa, Jose Luis",MX,135,1.03,4.0,,,Male
776,777,"Attou, Zakaria",FR,154,1.02,2.0,,,Male
777,778,"Hernandez, Rodney",US,HWT,1.02,3.0,,"Palacios, Adrian",Male
778,779,"Herrera, Williams",AR,147,1.02,3.0,,,Male
779,780,"Lozano, Mario Alberto",MX,154,1.01,3.0,,"Castillo, Arnulfo",Male
780,781,"Valtierra, Jair",MX,135,1.01,3.0,,,Male
781,782,"Ababiy, Nikita",US,160,1.0,3.0,Matchroom,"Sosa, Aureliano",Male
782,783,"Abcede, Jaysever",PH,112,1.0,4.0,,,Male
783,784,"Achour, Karim",FR,160,1.0,1.0,,,Male
784,785,"Adorno, Jeremy",US,122,1.0,3.0,Top Rank,"Adorno, Anibal",Male
785,786,"Ahmed, Habib",GH,160,1.0,3.0,,,Male
786,787,"Ajisafe, Bob",GB,175,1.0,2.0,VIP,,Male
787,788,"Akberbayev, Issa",KZ,200,1.0,3.0,,,Male
788,789,"Alamo, Yomar",PR,140,1.0,3.0,All Star Boxing,"Calderon, Ivan",Male
789,790,"Aleksejevs, Jevgenijs",LV,168,1.0,2.0,LNK,,Male
790,791,"Alexander, Vaughn ",US,168,1.0,2.0,,"Griffin, Montell",Male
791,792,"Alonso, Jonathan",ES,140,1.0,3.0,,"Sanchez, Oliver",Male
792,793,"Angulo, Alfredo",MX,168,1.0,3.0,PBC,"Sanchez, Abel",Male
793,794,"Arboleda, Jaime",PA,130,1.0,4.0,Sampson,"Caicedo, Herman",Male
794,795,"Arcon, Luis",VE,140,1.0,3.0,Murphys,"Bermudez, Hector",Male
795,796,"Arias, Luis",US,160,1.0,3.0,Mayweather,"Salas, Ismael",Male
796,797,"Arthur, Lyndon",GB,175,1.0,2.0,Queensberry,"Barrett, Pat",Male
797,798,"Auimatagi Jr, Mose",NZ,168,1.0,4.0,,"Arkel, Grant",Male
798,799,"Avelar, Isaac",MX,122,1.0,3.0,,"Johnson, Mark",Male
799,800,"Avila, Manuel",US,126,1.0,3.0,,"Mondello, Phil",Male
800,801,"Azeez, Dan ",GB,175,1.0,3.0,MTK Global,"O'Shaughnessy, Brian",Male
801,802,"Baez, Leonardo",MX,122,1.0,4.0,,"Diaz, Joel",Male
802,803,"Balderas, Jose",US,118,1.0,3.0,,"Balderas, David",Male
803,804,"Ballard, D'Mitrius",US,160,1.0,3.0,Golden Boy,"Ford, Calvin",Male
804,805,"Barrett, Zelfa",GB,130,1.0,4.0,Matchroom,"Barrett, Pat",Male
805,806,"Barroso, Ismael",VE,140,1.0,3.0,M&amp;R,"Fernandez, Osmiri",Male
806,807,"Barthelemy, Leduan",CU,126,1.0,2.0,PBC,,Male
807,808,"Bauza, John",US,140,1.0,3.0,Top Rank,"Rivas, Raul",Male
808,809,"Bazinyan, Erik ",CA,168,1.0,4.0,,"Ouellet, Luc",Male
809,810,"Beamon, Dewayne",US,115,1.0,3.0,,"Vargas, Joe",Male
810,811,"Bellotti, Reece",GB,126,1.0,3.0,Matchroom,"McDonnall, Jim",Male
811,812,"Bentley, Denzel",GB,160,1.0,4.0,Queensberry,"Ball, Ray",Male
812,813,"Boschiero, Devis",IT,130,1.0,2.0,OPI Since 82,"Freo, Gino",Male
813,814,"Bowen, Sam ",GB,130,1.0,3.0,Queensberry,,Male
814,815,"Bracero, Gabriel",PR,140,1.0,3.0,DiBella,"Cuellar, Orlando",Male
815,816,"Brunson, Tyrone ",US,154,1.0,3.0,Kings,"Jackson, Vaughn",Male
816,817,"Burton, Hosea",GB,175,1.0,2.0,MTK Global,"Gallagher, Joe",Male
817,818,"Butler, Steven",CA,160,1.0,3.0,,"Boisvert, Renald",Male
818,819,"Cacace, Anthony",GB,130,1.0,3.0,Queensberry,"Hawkins, Harry",Male
819,820,"Cano, Pablo Cesar",MX,140,1.0,3.0,,,Male
820,821,"Cardenas, Jose Maria",MX,115,1.0,3.0,,"Arana, Jose",Male
821,822,"Castillo, Lenin",DO,175,1.0,2.0,,"Bonilla, Jose",Male
822,823,"Charunphak, Thananchai",TH,115,1.0,3.0,,,Male
823,824,"Chavez Jr, Julio Cesar",MX,175,1.0,3.5,,,Male
824,825,"Chelli, Zak",GB,175,1.0,3.0,Queensberry,"Chelli, Zak",Male
825,826,"Clarke, Lennox",GB,168,1.0,3.0,BCB,"Johnson, Errol",Male
826,827,"Conroy, Liam",GB,175,1.0,3.0,MTK Global,"Roye, Johnney",Male
827,828,"Cordina, Joe",GB,130,1.0,3.0,Matchroom,"Sims, Tony",Male
828,829,"Cullen, Jack",GB,160,1.0,4.0,VIP,"Jennings, Michael",Male
829,830,"Davies, Kody",GB,175,1.0,3.0,Queensberry,"Rees, Gavin",Male
830,831,"Davies Jr, Robbie",GB,140,1.0,4.0,,"McGuigan, Shane",Male
831,832,"Dawson, Chad",US,175,1.0,3.0,CES,,Male
832,833,"De Carolis, Giovanni",IT,168,1.0,2.0,,"Mattioli, Italo",Male
833,834,"De Vaca, Francisco",US,122,1.0,2.0,,"Robles, Manny",Male
834,835,"Dessaix, Reagan",AU,175,1.0,3.0,,"Dessaix, Clem",Male
835,836,"Dharry, Elton ",GY,115,1.0,3.0,,"Gonzalez, Martin",Male
836,837,"Diaz, Marco",US,126,1.0,3.0,,,Male
837,838,"Dignum, Danny",GB,160,1.0,4.0,Probellum,"Lilley, Kevin",Male
838,839,"Dilmaghani, Alex",GB,130,1.0,4.0,MTK Global,"Wilkins, Lee",Male
839,840,"Egbunike, Daniel",GB,140,1.0,3.0,MTK Global,"Lilley, Kevin",Male
840,841,"Elbiali, Ahmed",EG,175,1.0,3.0,,"Gamber, Justin",Male
841,842,"Elorde, Juan Miguel",PH,122,1.0,3.0,Johnny Elorde,"Laurente, Toto",Male
842,843,"Escudero, Marcos",AR,175,1.0,4.0,Sampson,"Cunningham, Kevin",Male
843,844,"Esparza Jr, Francisco",US,130,1.0,3.0,,"Adams, Bones",Male
844,845,"Espino, Alexis",US,168,1.0,3.0,Matchroom,"Garcia, Robert",Male
845,846,"Esquivel, Jonathan",US,160,1.0,4.0,Sampson,"James, Art",Male
846,847,"Essomba, Thomas ",CM,118,1.0,3.0,BCB,"Johnson, Errol",Male
847,848,"Falcao, Yamaguchi",BR,160,1.0,2.0,,"Zagarino, Patrick",Male
848,849,"Feigenbutz, Vincent",DE,168,1.0,3.0,Wasserman,"Schmitz, Torsten",Male
849,850,"Flanagan, Terry ",GB,140,1.0,3.0,MTK Global,"Maylett, Steve",Male
850,851,"Flores, Miguel",US,130,1.0,3.0,PBC,"Navarro, Aaron",Male
851,852,"Foley, Darragh",IE,140,1.0,3.0,MTK Global,"Bermudez, Hector",Male
852,853,"Fonseca, Francisco",NI,130,1.0,4.0,Bufalo,"Alvarez, Rosendo",Male
853,854,"Ford, Raymond",US,126,1.0,4.0,Matchroom,"Lloyd, Reggie",Male
854,855,"Ford, Ryan ",CA,175,1.0,2.0,,"Thompson, Jesse",Male
855,856,"Foster, Brad",GB,122,1.0,3.0,Queensberry,"Foster, Martin",Male
856,857,"Fox, Alantez",US,160,1.0,3.0,,"Fox, Troy",Male
857,858,"Frenois, Guillaume",FR,130,1.0,2.0,,"Boggia, Giovanni",Male
858,859,"Gamez, Genaro",US,140,1.0,3.0,,"Gamez, Rey",Male
859,860,"Gao, Shichao",CN,126,1.0,3.0,,,Male
860,861,"Garcia, Giovanni",MX,112,1.0,4.0,All Star Boxing,,Male
861,862,"George, Joseph",US,175,1.0,3.0,,"Cooper, James",Male
862,863,"Geraghty, Declan",IE,130,1.0,2.0,MTK Global,"Geraghty, Declan",Male
863,864,"Gevor, Khoren",AM,168,1.0,3.0,,,Male
864,865,"Gonzalez, Jose",US,122,1.0,2.0,Kings,"Gonzalez, Martin",Male
865,866,"Gonzalez, Jousce",US,130,1.0,3.0,Golden Boy,"Gonzalez, Jose",Male
866,867,"Gonzalez, Miguel",CL,115,1.0,3.0,,,Male
867,868,"Gonzalez, Miguel Angel",MX,130,1.0,4.0,,,Male
868,869,"Gonzalez, Orlando",PR,126,1.0,3.0,Top Rank,"Gonzalez, Orlando",Male
869,870,"Grachev, Denis",RU,175,1.0,1.0,,"De Melo, Karine",Male
870,871,"Grandelli, Francesco",IT,126,1.0,2.0,Boxe Loreni,"Grandelli, Antonello",Male
871,872,"Greer Jr, Joshua",US,118,1.0,3.0,,"Koroma, Kay",Male
872,873,"Guajardo, Raymond",US,160,1.0,4.0,,"Guajardo, Eddie",Male
873,874,"Guarneros, Rosendo Hugo",MX,112,1.0,3.0,,"Ortiz, Miguel",Male
874,875,"Gutierrez, Jesus Antonio",MX,160,1.0,3.0,,,Male
875,876,"Haertel, Stefan",DE,168,1.0,2.0,SES,"Kuhne, Stephan",Male
876,877,"Harrison, Dusty Hernandez",US,160,1.0,2.0,Lee Baxter,"Harrison, Buddy",Male
877,878,"Hermosillo, Rigoberto",US,126,1.0,2.0,,"Castro, Javier",Male
878,879,"Hernandez, Luis",MX,140,1.0,3.0,Golden Boy,,Male
879,880,"Hernandez, Marcos",US,168,1.0,3.0,PBC,"Ramirez, Henry",Male
880,881,"Barrientes, Angel",US,122,1.0,3.0,PBC,"Barrientes, Richard",Male
881,882,"Hiraoka, Andy ",JP,140,1.0,3.0,Ohashi,"Codjoe, Justice",Male
882,883,"Hitchins, Richardson",US,140,1.0,3.0,Mayweather,"Wilson, Leonard",Male
883,884,"Horta, Francisco",MX,122,1.0,2.0,,,Male
884,885,"Hughes, Joe",GB,140,1.0,3.0,,"O'Kane, Andy",Male
885,886,"Imam, Amir",US,140,1.0,4.0,,"Centeno, Javiel",Male
886,887,"Johnson, Kevin",US,140,1.0,3.0,Mayweather,"Pimpleton, Otis",Male
887,888,"Joyce, David Oliver",IE,122,1.0,3.0,MTK Global,"Taylor, Pete",Male
888,889,"Kalitskiy, Stanislav",KZ,130,1.0,3.0,RCC,,Male
889,890,"Kaminsky, David",IL,160,1.0,3.0,,"Kaminsky, Tolik",Male
890,891,"Kautondokwa, Walter",NA,160,1.0,3.0,,"Tobias, Nestor",Male
891,892,"Keeler, Luke",IE,160,1.0,3.0,MTK Global,"Taylor, Pete",Male
892,893,"Khamukov, Petr",RU,160,1.0,3.0,,"Suluki, Shadeed",Male
893,894,"Kharsan, Iskander",KZ,122,1.0,3.0,,"Mussakhanov, Sagatbek",Male
894,895,"Khatchikian, Gevorg",NL,160,1.0,2.0,,"Driessen, Patrick",Male
895,896,"Khegai, Arnold ",UA,122,1.0,3.0,,"Somodio, Marvin",Male
896,897,"Khytrov, Ievgen",UA,168,1.0,3.0,DiBella,"Rozier, Andre",Male
897,898,"Kokietgym, Petchbarngborn",TH,118,1.0,3.0,,,Male
898,899,"Kudryashov, Dmitriy",RU,200,1.0,3.0,,"Nikolay, Timofeev",Male
899,900,"Leapai, Alex",AU,HWT,1.0,1.0,,"Thornberry, Noel",Male
900,901,"LesPierre, Mikkel",US,140,1.0,2.0,DiBella,"Guzman, Joan",Male
901,902,"Light, David",NZ,200,1.0,3.0,,"Peach, Isaac",Male
902,903,"Lopez, Ganigan",MX,112,1.0,3.0,All Star Boxing,,Male
903,904,"Lopez, Marcelino ",AR,140,1.0,4.0,,"Diaz, Joel",Male
904,905,"Lopez, Melvin",NI,118,1.0,4.0,M&amp;R,"Herrera, Gustavo",Male
905,906,"Lowe, Isaac",GB,126,1.0,3.0,MTK Global,"Davison, Ben",Male
906,907,"Luis, Tony ",CA,140,1.0,3.0,Liveco,"Luis, Jorge",Male
907,908,"MacIntyre, Craig",GB,140,1.0,3.0,MTK Global,"Lynch, Peter",Male
908,909,"Maderna, Ezequiel Osvaldo ",AR,168,1.0,2.0,Argentina Boxing,,Male
909,910,"Madiyev, Ruslan",KZ,140,1.0,3.0,,"Diaz, Joel",Male
910,911,"Manzanilla, Franklin",VE,122,1.0,3.0,,,Male
911,912,"Marriaga, Miguel",CO,130,1.0,3.0,,"Gomez, Samuel",Male
912,913,"Martinez, Abram",US,140,1.0,3.0,,"Salas, Ismael",Male
913,914,"Massey, Jack",GB,200,1.0,2.0,Queensberry,"Rimmer, Robert",Male
914,915,"Mattice, Thomas",US,130,1.0,3.0,GH3,"Davis, Marlon",Male
915,916,"Matyja, Marek",PL,175,1.0,3.0,Knockout Promotions,"Wilczewski, Piotr",Male
916,917,"Maxwell, Sam ",GB,140,1.0,3.0,Queensberry,"Vaughan, Danny",Male
917,918,"May, Nathaniel",AU,126,1.0,3.0,,,Male
918,919,"McCann, Dennis",GB,118,1.0,3.0,Queensberry,"Smith, Alan",Male
919,920,"McCullagh, Tyrone",GB,126,1.0,2.0,MTK Global,"Taylor, Pete",Male
920,921,"Mejia, Sergio",MX,108,1.0,4.0,All Star Boxing,,Male
921,922,"Melian, Alberto ",AR,122,1.0,4.0,,,Male
922,923,"Mioletti, Giovanni",US,130,1.0,3.0,Banner,"Nocita, John",Male
923,924,"Molina, Javier",US,140,1.0,3.0,,"Luna, Roberto",Male
924,925,"Montiel, Juan Macias",MX,160,1.0,3.0,Sampson,"Montiel, Pedro",Male
925,926,"Montoya, Abraham",MX,130,1.0,4.0,CTT,,Male
926,927,"Montoya, Adrian",MX,122,1.0,3.0,,"Cruz, Edgar",Male
927,928,"Moran, Antonio",MX,140,1.0,3.0,All Star Boxing,"Baro, Miguel",Male
928,929,"Mould, Reece",GB,126,1.0,3.0,VIP,"O'Hagan, Sean",Male
929,930,"Nasiyuwula, Baishanbo",CN,140,1.0,3.0,Max Power,"Albia, Franklin",Male
930,931,"Navarro, Jonathan",US,140,1.0,4.0,,"Garcia, Robert",Male
931,932,"Newman II, Kevin ",US,168,1.0,3.0,,"Jones, Roy",Male
932,933,"Ngabu, Yves",BE,200,1.0,2.0,,"Ingle, Dominic",Male
933,934,"Nieves, Antonio",US,118,1.0,3.0,,"Delguyd, Joseph",Male
934,935,"Nikitin, Vladimir",RU,126,1.0,3.0,,"Contreras, Marco",Male
935,936,"Nulsutanov, Meiirim",KZ,160,1.0,2.0,Main Events,"McGirt, Buddy",Male
936,937,"Nunez, Cesar",ES,168,1.0,3.0,MGZ,,Male
937,938,"Ochoa, Francisco",US,130,1.0,2.0,,,Male
938,939,"Ochoa, Isidro",US,122,1.0,2.0,,"Garcia, Robert",Male
939,940,"Okada, Hiroki",JP,140,1.0,3.0,,"Ishihara, Yuta",Male
940,941,"Oquendo, Jonathan",PR,130,1.0,3.0,Miguel Cotto,,Male
941,942,"Osueke, Lawrence",GB,175,1.0,1.0,,"Gittus, Nik",Male
942,943,"Pacheco, Diego ",US,168,1.0,4.0,Matchroom,"Garcia, Rudy",Male
943,944,"Paulin, Lewis",GB,126,1.0,3.0,Alex Morrison,,Male
944,945,"Penalosa, Dave ",PH,126,1.0,2.0,,"Penalosa, Jonathan",Male
945,946,"Perez, Darleys",CO,140,1.0,2.0,,"Mercado, Alvaro",Male
946,947,"Pierce, Elijah",US,126,1.0,3.0,,,Male
947,948,"Pitters, Shakan",GB,175,1.0,4.0,Hennessy,"Counihan, Paul",Male
948,949,"Plania, Mike ",PH,122,1.0,3.0,M&amp;R,"Fernandez, Osmiri",Male
949,950,"Potapov, Nikolai",RU,118,1.0,2.0,Salita,"Meltcer, Marek",Male
950,951,"Quigley, Jason",IE,160,1.0,2.5,Golden Boy,"Lee, Andy",Male
951,952,"Ramirez, Cesar",MX,118,1.0,3.0,,"Bracomontes, Francisco",Male
952,953,"Reed, Mike",US,130,1.0,2.0,,,Male
953,954,"Reid, Lucien",GB,122,1.0,2.0,Queensberry,"Smith, Alan",Male
954,955,"Rhodes, Lydell",US,130,1.0,2.0,,"Garcia, Danny",Male
955,956,"Rincon, George",US,140,1.0,3.0,Golden Boy,,Male
956,957,"Ritson, Lewis ",GB,140,1.0,3.0,Probellum,"Fannan, Neil",Male
957,958,"Rivera, Jean Carlos",PR,126,1.0,3.0,,"Lopez, Alex",Male
958,959,"Rivera, Rafael",MX,126,1.0,3.0,,"Moran, Pedro",Male
959,960,"Rivera, Richard",US,200,1.0,3.0,Star,"Blanco, Tony",Male
960,961,"Robinson, Jacob",GB,126,1.0,2.0,MTK Global,"Robinson, Steve",Male
961,962,"Robles III, Manny",US,126,1.0,2.0,,"Hernandez, Rudy",Male
962,963,"Rodriguez, Edwin",PR,118,1.0,3.0,,"Galarza, Arnaldo",Male
963,964,"Rojas, Tomas",MX,130,1.0,3.0,Pueblo,,Male
964,965,"Romero, Jose Matias",AR,130,1.0,3.0,Sampson,"Caicedo, Herman",Male
965,966,"Rosia, Renz",PH,112,1.0,3.0,,,Male
966,967,"Sadjo, Kevin Lele",FR,168,1.0,4.0,,,Male
967,968,"Sanchez, Emilio",US,126,1.0,3.0,,"Diaz, Joel",Male
968,969,"Sanchez, Jason",US,126,1.0,3.0,,"Luis, Jose",Male
969,970,"Sanchez, Jose Tito",US,126,1.0,4.0,Thompson,"Diaz, Joel",Male
970,971,"Scardina, Daniele",IT,168,1.0,2.0,OPI Since 82,"Spencer, Dino",Male
971,972,"Seals, Michael",US,175,1.0,4.0,,"Allen, Robert",Male
972,973,"Sharp, Archie",GB,130,1.0,2.0,Probellum,"Sawyer, Richie",Male
973,974,"Shekhov, Mukhammad",RU,122,1.0,3.0,,,Male
974,975,"Shimizu, Satoshi",JP,130,1.0,3.0,Ohashi,"Matsumoto, Koji",Male
975,976,"Signani, Matteo",IT,160,1.0,2.0,OPI Since 82,"Gordini, Meo",Male
976,977,"Sims Jr, Anthony ",US,168,1.0,2.0,,"Doolin, James",Male
977,978,"Singh, Vijender",IN,168,1.0,2.0,,"Beard, Lee",Male
978,979,"Smith, Donald",US,126,1.0,2.0,,"Smith, Lamar",Male
979,980,"Socarras, Hairon ",CU,126,1.0,3.0,Heavyweight Factory,"Rubio, Jorge",Male
980,981,"Solano, Yeis",CO,140,1.0,3.0,,"Quirarte, Romulo",Male
981,982,"Spelman, Dec ",GB,175,1.0,4.0,Carl Greaves,,Male
982,983,"Sterling, Andre",GB,175,1.0,2.0,MHM,"Lawrence, Brian",Male
983,984,"Sugden, Chad ",GB,175,1.0,3.0,,"Sugden, Dean",Male
984,985,"Surtees, Darren",GB,140,1.0,3.0,,"Binns, Dave",Male
985,986,"Szello, Imre",HU,200,1.0,3.0,Felix,"Bertok, Robert",Male
986,987,"Szeremeta, Kamil",PL,160,1.0,3.0,Knockout Promotions,"Lapin, Fiodor",Male
987,988,"Szpilka, Artur",PL,200,1.0,2.5,,"Anuchin, Roman",Male
988,989,"Tarimo, Bruno",AU,130,1.0,4.0,,"Hyder, Angelo",Male
989,990,"Tepora, Jhack",PH,126,1.0,3.0,,"Tepora, Christopher",Male
990,991,"Terentiev, Evgeny",RU,160,1.0,2.0,,,Male
991,992,"Thawornkham, Sarawut",TH,112,1.0,2.0,Galaxy,,Male
992,993,"Tinoco, Mario Enrique",MX,130,1.0,3.0,,,Male
993,994,"Torres, Armando",MX,108,1.0,3.0,,"Lopez, Arturo",Male
994,995,"Torres, Jean Carlos",PR,140,1.0,4.0,Mayweather,"Calderon, Ivan",Male
995,996,"Toutin, Louis",FR,168,1.0,4.0,Univent,"Germain, Joseph",Male
996,997,"Turchi, Fabio",IT,200,1.0,3.0,OPI Since 82,"Turchi, Leonardo",Male
997,998,"Turrubiartes, Irving",MX,126,1.0,2.0,Zanfer,"Valdez, Mariano",Male
998,999,"Ulysse Jr, Yves",CA,140,1.0,2.0,,"Boisvert, Renald",Male
999,1000,"Uthok, Panya",TH,126,1.0,2.0,,,Male
1000,1001,"Valdes, Brandon",CO,122,1.0,3.0,RJJ,"Jasso, Edgar",Male
1001,1002,"Vargas, Antonio",US,118,1.0,2.0,,"Ocasio, Tito",Male
1002,1003,"Vazquez, Damien",US,118,1.0,3.0,,"Casamayor, Joel",Male
1003,1004,"Vences, Andy",US,130,1.0,3.0,,"Perales, Charles",Male
1004,1005,"Vicente, Yenifel",DO,122,1.0,3.0,,"Bonilla, Jose",Male
1005,1006,"Vidal, Amilcar",UY,160,1.0,3.0,PBC,"Vidal, Richard ",Male
1006,1007,"Villanueva, Arthur",PH,118,1.0,2.0,ALA,"Villamor, Edito",Male
1007,1008,"Vivas, Jose Enrique",MX,126,1.0,3.0,Top Rank,"Jimenez, Antonio",Male
1008,1009,"Walsh, Ryan",GB,126,1.0,3.0,MTK Global,"Everett, Graham",Male
1009,1010,"Ward, Joe",IE,175,1.0,3.0,DiBella,"Gamache, Joey",Male
1010,1011,"Ward, Steven",GB,200,1.0,3.0,MTK Global,"Moore, Jamie",Male
1011,1012,"Ware, DeAndre",US,168,1.0,2.0,,"Wright, Lamar",Male
1012,1013,"Welborn, Jason",GB,160,1.0,3.0,BCB,"Johnson, Errol",Male
1013,1014,"Worawut, Chainoi",TH,122,1.0,4.0,,,Male
1014,1015,"Yap, Mark John",PH,122,1.0,2.0,,,Male
1015,1016,"Zeuge, Tyron",DE,168,1.0,2.0,Agon,"Braehmer, Juergen",Male
1016,1017,"Juarez, Cesar",MX,126,1.0,3.0,Zapari,"Baltazar, Ricardo",Male
1017,1018,"Hawkins, Malik ",US,140,1.0,3.0,Mayweather,"Ford, Calvin",Male
1018,1019,"Price, Darwin ",US,140,1.0,3.0,PBC,"Navarro, Aaron",Male
1019,1020,"O'Quinn, Jarico",US,115,1.0,2.0,Salita,"Joquillard, Chad",Male
1020,1021,"Vasquez, Oscar",US,115,1.0,3.0,,"Vasquez, Santos",Male
1021,1022,"Sierra, Ulises",US,168,1.0,3.0,,"Vargas, Joe",Male
1022,1023,"Morales, Gregory",MX,122,1.0,3.0,,,Male
1023,1024,"Rolls, Steve",CA,160,1.0,3.0,DiBella,"Howatt, Tommy",Male
1024,1025,"Angulo, Roamer",CO,168,1.0,3.0,A&amp;T,"Diaz, Pedro",Male
1025,1026,"Collado, Alexei",CU,126,1.0,3.0,M&amp;R,"Ramos, Maury",Male
1026,1027,"Nicholson, Deon",US,200,1.0,3.0,Skyy,"Hill, Damarius",Male
1027,1028,"Bornea, Jade",PH,115,1.0,3.0,,"Mayol, Rodel",Male
1028,1029,"Delgadillo, Ernesto",US,115,1.0,3.0,,"Mack, Tony",Male
1029,1030,"Flores, Moises",MX,122,1.0,3.0,,,Male
1030,1031,"Ward, Martin Joseph",GB,130,1.0,3.0,Matchroom,"Sims, Tony",Male
1031,1032,"Ananyan, Petros",RU,140,1.0,4.0,DiBella,"Martinez, David",Male
1032,1033,"Tapia, Cesar Mateo",AU,168,1.0,3.0,MTK Global,,Male
1033,1034,"Lasisi, Aliu Bamidele",NG,115,1.0,3.0,,,Male
1034,1035,"Alejo, Juan",MX,108,1.0,3.0,,"Martinez, Carlos",Male
1035,1036,"Benjamin, Kaisee",GB,147,1.0,3.0,Hennessy,,Male
1036,1037,"Meli, Alfredo",GB,160,1.0,4.0,MTK Global,,Male
1037,1038,"Avagyan, Aram",AM,126,1.0,3.0,Salita,"Steward, SugarHill",Male
1038,1039,"Aguero, Dagoberto",DO,126,1.0,3.0,,"Cuellar, Orlando",Male
1039,1040,"Curiel, Adrian",MX,112,1.0,3.0,,,Male
1040,1041,"Uulu, Akzhol",KG,130,1.0,3.0,RCC,,Male
1041,1042,"Velez, Jayson",PR,130,1.0,4.0,Universal,"Lozada, Emilio",Male
1042,1043,"Solis, Liborio",VE,118,1.0,3.0,,"Chavez, Celso",Male
1043,1044,"Chuprakov, Evgeny",RU,130,1.0,2.0,RCC,,Male
1044,1045,"Soriano, Ivan",PH,108,1.0,3.0,,"Agrabio, Jhun",Male
1045,1046,"Sityatha, Lwandile",ZA,118,1.0,3.0,,,Male
1046,1047,"Caitom, Rey",PH,105,1.0,3.0,,"Lalwani, Arvind",Male
1047,1048,"Azarcon, Clyde",PH,105,1.0,3.0,,"Tepora, Christopher",Male
1048,1049,"Nyambayar, Tugstsogt",MN,130,1.0,3.0,PBC,"Pullman, John",Male
1049,1050,"Radchenko, Serhiy",UA,200,1.0,3.0,,,Male
1050,1051,"Hunter, Keith",US,140,1.0,3.0,,"Adams, Bones",Male
1051,1052,"Redkach, Ivan",UA,140,1.0,3.0,,"Mosley, Jack",Male
1052,1053,"Coria, Luis",US,126,1.0,5.0,,"Garcia, Robert",Male
1053,1054,"Sekhniashvili, Nika ",GE,160,1.0,3.0,,"Centeno, Javiel",Male
1054,1055,"Rodriguez, Robert",US,118,1.0,4.0,,"Garcia, Robert",Male
1055,1056,"Ornelas, Carlos",MX,126,1.0,3.0,Zanfer,,Male
1056,1057,"Palomares, Edwin",MX,126,1.0,4.0,,,Male
1057,1058,"Sanchez, Sergio",MX,126,1.0,4.0,Zanfer,,Male
1058,1059,"Sparrow, Avery",US,130,1.0,2.0,,"Jefferson, Rashiem",Male
1059,1060,"Flores, Hector",MX,112,1.0,4.0,,,Male
1060,1061,"Fredrickson, Sonny",US,140,1.0,3.0,,"Wright, Lamar",Male
1061,1062,"Cortes, Andres",US,130,1.0,3.0,,,Male
1062,1063,"Salinas, Alejandro",US,130,1.0,4.0,,"Rivas, Raul",Male
1063,1064,"Martinez, Javier ",US,160,1.0,3.0,Top Rank,"Garcia, Robert",Male
1064,1065,"Avalos, Chris",US,126,1.0,3.0,,"Avalos, Felipe",Male
1065,1066,"Valdez, Hector",US,122,1.0,3.0,Golden Boy,"Garcia, Robert",Male
1066,1067,"Mosley Jr, Shane ",US,160,1.0,3.0,Golden Boy,"Adams, Bones",Male
1067,1068,"Lynn, Louie",GB,126,1.0,4.0,,,Male
1068,1069,"Turner, Henry",GB,140,1.0,3.0,Queensberry,"Smith, Alan",Male
1069,1070,"Balski, Adam",PL,200,1.0,2.0,Knockout Promotions,,Male
1070,1071,"Bates, Marcus",US,122,1.0,3.0,Kings,"Hollis, Orlando",Male
1071,1072,"Carter, John",ES,130,1.0,4.0,MGZ,,Male
1072,1073,"Allen, Lennox",GY,168,1.0,2.5,,"Sosa, Aureliano",Male
1073,1074,"Donovan, Eric",IE,130,1.0,4.0,,"Egan, Kenny",Male
1074,1075,"Docherty, John",GB,168,1.0,3.0,,"Sims, Tony",Male
1075,1076,"Kerefov, Timur",RU,160,1.0,3.0,Salita,"Steward, SugarHill",Male
1076,1077,"Malikov, Pavel",RU,130,1.0,4.0,,,Male
1077,1078,"Mercado, Israel",US,130,1.0,3.0,,"Ramirez, Henry",Male
1078,1079,"Kopylenko, Vitalii",UA,160,1.0,3.0,,"Ibragimov, Timur",Male
1079,1080,"Juarez, Saul",MX,108,1.0,2.0,All Star Boxing,,Male
1080,1081,"Quinn, Fearghus",IE,160,1.0,3.0,MTK Global,,Male
1081,1082,"Wilson, Liam",AU,130,1.0,4.0,D&amp;L,"Harrington, Benny",Male
1082,1083,"Hardman, Issac",AU,160,1.0,4.0,D&amp;L,"Studley, Blair",Male
1083,1084,"Martinez, Lester",GT,168,1.0,3.0,,,Male
1084,1085,"Preciado, Belmar",CO,122,1.0,4.0,All Star Boxing,"Gomez, Samuel",Male
1085,1086,"Contreras, Dennis",MX,126,1.0,5.0,All Star Boxing,,Male
1086,1087,"Pauldo, Justin",US,140,1.0,3.0,,,Male
1087,1088,"Flores, Manuel",US,118,1.0,3.0,,"Diaz, Antonio",Male
1088,1089,"Goldston, Kasir",US,140,1.0,2.0,Top Rank,"Goldston, Tyshaun",Male
1089,1090,"Montano, Christian ",US,168,1.0,3.0,,"Koroma, Kay",Male
1090,1091,"Ruiz, Leo",MX,160,1.0,3.0,,"Garcia Jr, Robert",Male
1091,1092,"Caraballo, Felix",PR,126,1.0,3.0,,"Trabal, Jose",Male
1092,1093,"Sando, Maidel ",CU,168,1.0,3.0,,"Doolin, James",Male
1093,1094,"Encarnacion, Ranfis",DO,126,1.0,3.0,Sampson,,Male
1094,1095,"Bunn, Leon",DE,168,1.0,3.0,Wasserman,"Wegner, Ulli",Male
1095,1096,"Radovan, Denis",DE,160,1.0,2.0,Wasserman,,Male
1096,1097,"Micah, Duke",GH,118,1.0,4.0,,"Rozier, Andre",Male
1097,1098,"Khongsong, Apinun",TH,140,1.0,3.0,,,Male
1098,1099,"Williams, Kyle",GB,118,1.0,2.0,BCB,"Johnson, Errol",Male
1099,1100,"Brady Jr, Haven",US,126,1.0,3.0,Top Rank,"Jones, Otha",Male
1100,1101,"Udofia, Linus",GB,160,1.0,3.0,,"Stewart, Terry",Male
1101,1102,"Fiaz, Aqib",GB,130,1.0,1.0,Matchroom,"Moore, Jamie",Male
1102,1103,"Coria, Gonzalo",AR,160,1.0,2.0,,,Male
1103,1104,"Colon, Emanuel",PR,140,1.0,4.0,All Star Boxing,,Male
1104,1105,"Ashfaq, Qais",GB,122,1.0,2.0,,"Fernandez, Angel",Male
1105,1106,"Leach, Marc",GB,122,1.0,3.0,,"Travis, Nigel",Male
1106,1107,"Bellows, Lanell",US,168,1.0,3.0,,,Male
1107,1108,"Calleros, Moises",MX,112,1.0,2.0,,"Robolanches, Geronimo",Male
1108,1109,"Laggoune, Bilal",BE,200,1.0,3.0,,,Male
1109,1110,"Heraldez, Juan",US,140,1.0,3.0,Mayweather,"Pimpleton, Otis",Male
1110,1111,"Cruz, Kent",US,140,1.0,3.0,,"Shields, Ronnie",Male
1111,1112,"Heffron, Mark",GB,160,1.0,3.0,Queensberry,"Jennings, Michael",Male
1112,1113,"Baldor, Luciano Francisco ",AR,118,1.0,2.0,Argentina Boxing,,Male
1113,1114,"Zarate, Junior Leandro ",AR,112,1.0,3.0,Argentina Boxing,,Male
1114,1115,"Larfield, Vegas",AU,118,1.0,4.0,,"Hyder, Angelo",Male
1115,1116,"Roman, Mickey ",MX,130,1.0,3.0,Pueblo,"Hernandez, Rudy",Male
1116,1117,"Michel, Serge",DE,175,1.0,3.0,,"Michel, Eduard",Male
1117,1118,"Lukas, Sakaria",NA,126,1.0,3.0,,"Paulus, Immanuel",Male
1118,1119,"Peralta, Yamil",AR,200,1.0,2.0,Argentina Boxing,,Male
1119,1120,"de los Santos, Edwin",DO,130,1.0,3.0,Sampson,"Betancourt, Chelo",Male
1120,1121,"Salazar, Luis",DO,140,1.0,3.0,,,Male
1121,1122,"Castellon, Byron",NI,105,1.0,2.0,,,Male
1122,1123,"Abgaryan, Narek",AM,118,1.0,3.0,,"Roach, Freddie",Male
1123,1124,"Guy, Mike",US,168,1.0,1.0,,,Male
1124,1125,"Barrientes, Chavez",US,126,1.0,3.0,PBC,"Barrientes, Richard",Male
1125,1126,"Gutierrez, Giovanni",NI,122,1.0,4.0,,,Male
1126,1127,"Encarnacion, William",DO,126,1.0,3.0,Shuan,,Male
1127,1128,"Solano, Marvin",NI,115,1.0,3.0,,,Male
1128,1129,"Rivera, All",PH,140,1.0,3.0,,,Male
1129,1130,"Truax, Caleb",US,168,1.0,3.0,PBC,"Halstad, Tom",Male
1130,1131,"Agbeko, Sena",GH,168,1.0,2.0,,"Garcia, Kelvin",Male
1131,1132,"Gollaz, Gabriel ",MX,140,1.0,4.0,,"Parra, Joaquin Salas",Male
1132,1133,"Rosario, Omar",PR,140,1.0,4.0,Top Rank,"Santiago, Jose",Male
1133,1134,"Akavov, Artur",RU,160,1.0,3.0,,"Fortune, Justin",Male
1134,1135,"Pampellone, Jerome",NZ,175,1.0,3.0,,"Peach, Isaac",Male
1135,1136,"Martin, Ryan",US,140,1.0,2.0,,"McIntyre, Brian",Male
1136,1137,"Rodriguez, Abraham",MX,108,1.0,3.0,,"Sandoval, Edgar",Male
1137,1138,"Yildirim, Avni",TR,168,1.0,2.5,,,Male
1138,1139,"Zorrilla, Danielito",PR,140,1.0,3.0,Golden Boy,"Oyola, David",Male
1139,1140,"White, Jordan",US,130,1.0,4.0,,"White, John",Male
1140,1141,"Teah, Sam",US,140,1.0,3.0,,,Male
1141,1142,"Nunez, Leosdan",CU,118,1.0,3.0,,,Male
1142,1143,"Juarez, Salvador",MX,118,1.0,3.0,,,Male
1143,1144,"Valera, Felix",DO,175,1.0,4.0,Shuan,"Salas, Ismael",Male
1144,1145,"Perez, Bryan",DO,175,1.0,4.0,Reyes,,Male
1145,1146,"Perez, Aaron",US,126,1.0,3.0,,"Perez Sr, Aaron",Male
1146,1147,"Douglin, Denis",US,160,1.0,3.0,,"Douglin, Saphya",Male
1147,1148,"Guerfi, Karim",FR,118,1.0,3.0,,,Male
1148,1149,"Agrba, Khariton",RU,140,1.0,4.0,,,Male
1149,1150,"Abdugofurov, Azizbek ",UZ,168,1.0,3.0,,,Male
1150,1151,"Deines, Adam",DE,175,1.0,3.0,SES,,Male
1151,1152,"Ortiz, Abimael",PR,122,1.0,4.0,Fresh Productions,,Male
1152,1153,"Khasiev, Dmitrii",RU,130,1.0,3.0,RCC,,Male
1153,1154,"Sitemela, Lunga",ZA,130,1.0,3.0,,,Male
1154,1155,"Fortunato, Frency",DO,126,1.0,4.0,,,Male
1155,1156,"Valdez, Geraldo",DO,115,1.0,3.0,,,Male
1156,1157,"Segundo, Arturo",MX,115,1.0,4.0,,,Male
1157,1158,"Urrutia, Kevin",US,112,1.0,4.0,,"Martinez, Gil",Male
1158,1159,"Solis, Alan",MX,126,1.0,2.0,,"Lopez, Jose",Male
1159,1160,"Espinosa, Jimerr",MX,140,1.0,3.0,Miura,,Male
1160,1161,"Lopez, Jonathan",US,126,1.0,3.0,MTK Global,,Male
1161,1162,"Pearson, Christopher",US,168,1.0,2.0,,"Rangel, Arturo",Male
1162,1163,"Younan, Junior",US,168,1.0,3.0,,"Younan, Sherif",Male
1163,1164,"Resendiz, Jose Armando",MX,160,1.0,3.0,,"Salas, Ismael",Male
1164,1165,"Romero, Juan Pablo",MX,140,1.0,3.0,Pueblo,,Male
1165,1166,"Torres, Bernard Angelo",NO,126,1.0,3.0,MaravillaBox,"Sorum, Kjell",Male
1166,1167,"Gago, Andoni",ES,126,1.0,3.0,MGZ,"Del Valle, Txutxi ",Male
1167,1168,"McDonnell, Gavin",GB,126,1.0,2.0,,"Doyle, Ray",Male
1168,1169,"Gomez, Jaycob",PR,130,1.0,4.0,,,Male
1169,1170,"Martinez, Ramiro",US,122,1.0,3.0,,,Male
1170,1171,"Lopez, Juan Antonio ",US,122,1.0,3.0,,,Male
1171,1172,"Nicholson, Demond",US,168,1.0,3.0,,,Male
1172,1173,"Ascanio, Jorge",MX,118,1.0,4.0,,,Male
1173,1174,"Morrison, Marcus",GB,160,1.0,2.0,,"Gallagher, Joe",Male
1174,1175,"Yafai, Gamal ",GB,122,1.0,3.0,Matchroom,"McCracken, Spencer",Male
1175,1176,"Cunningham, Jason",GB,122,1.0,3.0,Queensberry,"Doyle, Ray",Male
1176,1177,"Carmona, David",MX,122,1.0,3.0,,,Male
1177,1178,"Jones, Amari",US,160,1.0,4.0,Devin Haney Promotions,,Male
1178,1179,"Coe, Khalil",US,175,1.0,4.0,Matchroom,"Christian, Kenneth",Male
1179,1180,"Santiago, Jovanie ",PR,140,1.0,3.0,Fresh Productions,"Torres, Jose",Male
1180,1181,"Dasmarinas, Michael",PH,118,1.0,3.0,MP,,Male
1181,1182,"Delgado, Lindolfo",MX,140,1.0,3.0,Top Rank,"Garcia, Robert",Male
1182,1183,"Murata, Subaru",JP,122,1.0,4.0,Teiken,"Tanaka, Sendai",Male
1183,1184,"Cazares, Mario",MX,168,1.0,3.0,,,Male
1184,1185,"Guerrero, Luis",VE,115,1.0,3.0,,,Male
1185,1186,"Fernandez, Lucas",AR,115,1.0,4.0,,,Male
1186,1187,"Torres, Francisco Emanuel",AR,160,1.0,3.0,,"Ochenduszka, Jorge",Male
1187,1188,"Barrera, Rober",CO,115,1.0,3.0,,,Male
1188,1189,"Rosa, Jose Angel",AR,140,1.0,3.0,O R Promotions,,Male
1189,1190,"Corzo, Pablo",AR,168,1.0,4.0,O R Promotions,,Male
1190,1191,"Alaniz, Estefania",AR,130,1.0,3.0,,,Female
1191,1192,"Clark, Ronnie",GB,130,1.0,3.0,,,Male
1192,1193,"Sasaki, Jin",JP,140,1.0,4.0,,,Male
1193,1194,"Yuba, Kaiki",JP,140,1.0,3.0,,,Male
1194,1195,"Hiromoto, Ayato",JP,115,1.0,3.0,,,Male
1195,1196,"Nakayama, Yuta",JP,112,1.0,3.0,,,Male
1196,1197,"Aleem, Immanuwel",US,160,1.0,4.0,PBC,"Shields, Ronnie",Male
1197,1198,"Yigit, Anthony",SE,140,1.0,3.0,,"Caicedo, Herman",Male
1198,1199,"Astuvilca, Ricardo",PE,105,1.0,3.0,,,Male
1199,1200,"Barros, Jonathan Victor",AR,130,1.0,3.0,,,Male
1200,1201,"Bustamante, Tamara",AR,112,1.0,3.0,,,Female
1201,1202,"Pucheta, Emiliano",AR,160,1.0,4.0,,,Male
1202,1203,"Vergara, Gerardo",AR,160,1.0,4.0,,,Male
1203,1204,"Sanmartin, Jose",CO,122,1.0,4.0,,,Male
1204,1205,"Bateson, Jack",GB,122,1.0,2.0,,,Male
1205,1206,"Davis, Kyrone",US,168,1.0,3.0,PBC,"Edwards, Stephen",Male
1206,1207,"Lopsan, Artysh",RU,168,1.0,3.0,,,Male
1207,1208,"Lorente, Cristobal",ES,126,1.0,3.0,,"Martin, Rafael",Male
1208,1209,"Timlin, Amy",GB,122,1.0,3.0,,"Farrell, Kieran",Female
1209,1210,"Madueno, Miguel",MX,140,1.0,4.0,Thompson,"Zamora, Danny",Male
1210,1211,"White, Elvina",US,135,1.0,3.0,,"Brown, Eric",Female
1211,1212,"De Jesus, Elon",US,122,1.0,3.0,,,Male
1212,1213,"Dominguez, Karen",AR,108,1.0,3.0,,,Female
1213,1214,"Landaida, Claudia",AR,108,1.0,4.0,,,Female
1214,1215,"Montgomery, Maliek",US,126,1.0,4.0,,"Porter, Kenny",Male
1215,1216,"Piccirillo, Thomas",DE,160,1.0,2.0,Agon,,Male
1216,1217,"Hovhannisyan, Artemak",DE,175,1.0,2.0,,,Male
1217,1218,"Prasovic, Dilan",ME,200,1.0,3.0,,,Male
1218,1219,"Blanc, Leandro",AR,108,1.0,3.0,O R Promotions,,Male
1219,1220,"Garnett, Jayvon",US,126,1.0,2.0,,"Johnson, Kennie",Male
1220,1221,"Carrington, Bruce",US,126,1.0,4.0,Top Rank,"Carrington Sr, Bruce",Male
1221,1222,"Lopez, Cristopher",MX,122,1.0,3.0,Pueblo,"Franvo, Carlos",Male
1222,1223,"Sam, Minh Phat ",VN,105,1.0,3.0,,,Male
1223,1224,"Cobb, Antoine",US,140,1.0,4.0,,,Male
1224,1225,"Soto, Jose",CO,115,1.0,3.0,,,Male
1225,1226,"Batista, Ronal",PA,115,1.0,4.0,,,Male
1226,1227,"Ramos, Hytan",MX,115,1.0,3.0,,,Male
1227,1228,"Zepeda, Hector Manuel",MX,160,1.0,3.0,Paco Presents,,Male
1228,1229,"Valenzuela, German",MX,108,1.0,3.0,,,Male
1229,1230,"Cantos, Eva",ES,122,1.0,3.0,,,Female
1230,1231,"Khoumari, Youssef",GB,130,1.0,3.0,,"Miller, Xavier",Male
1231,1232,"Castaneda, Jorge",US,130,1.0,4.0,Matchroom,"Gomez, Manuel",Male
1232,1233,"Jackson, Carlos",US,122,1.0,3.0,,"Felipe, Alain",Male
1233,1234,"Green, Ian",US,160,1.0,3.0,,"Flemmings, Dwyke",Male
1234,1235,"Melendez, Luis",US,130,1.0,3.0,,"Aponte, Reniel",Male
1235,1236,"Jkitou, Bilel",FR,160,1.0,4.0,,"Tormos, Eric",Male
1236,1237,"Guerrero, Cuahutli",MX,115,1.0,3.0,,,Male
1237,1238,"Levy, Stevi",GB,122,1.0,3.0,,"Faulkner, Paul",Female
1238,1239,"Cawley, Will",GB,118,1.0,4.0,Probellum,"Davison, Ben",Male
1239,1240,"Dixon, Donte",GB,130,1.0,3.0,,"Sampson, Roger",Male
1240,1241,"Bregeon, Dylan",FR,200,1.0,3.0,,,Male
1241,1242,"Benavidez Jr, Jose",US,160,1.0,3.0,PBC,"Benavidez, Jose",Male
1242,1243,"Lawal, Mikael",GB,200,1.0,3.0,Boxxer,,Male
1243,1244,"N'Dam, Hassan",FR,160,1.0,2.0,,"Toeska, Jean Marc",Male
1244,1245,"Volny, Patrice",CA,160,1.0,3.0,Lee Baxter,,Male
1245,1246,"Schicke, Bjoern",DE,160,1.0,3.0,Agon,,Male
1246,1247,"Gualtieri, Vincenzo",DE,160,1.0,2.0,Agon,"Aldama, Franquis",Male
1247,1248,"Ennis-Brown, Akeem",GB,140,1.0,2.0,MTK Global,"Pittman, Jon",Male
1248,1249,"Salomon, Raul",MX,168,1.0,3.0,,"Autrey, Eddie",Male
1249,1250,"Silva, Aaron",MX,168,1.0,4.0,,"Flores, Avath",Male
1250,1251,"Wheeler, Khainell",US,175,1.0,3.0,Kings,,Male
1251,1252,"Gonzalez, Alejandro",MX,126,1.0,3.0,,,Male
1252,1253,"Foster III, William",US,130,1.0,4.0,,"Rosa, Luis",Male
1253,1254,"Arrieta, Carlos ",PR,126,1.0,3.0,,"Garcia, Melvin",Male
1254,1255,"Roldan, Hugo",AR,140,1.0,2.0,Sampson,,Male
1255,1256,"Geffrard, Steve",US,175,1.0,3.0,,"Cunningham, Kevin",Male
1256,1257,"Pedraza, Federico",AR,126,1.0,2.0,Argentina Boxing,,Male
1257,1258,"Carbajal, Keenan",US,130,1.0,3.0,,"Carbajal, Danny",Male
1258,1259,"Kozlovsky, Ivan",RU,140,1.0,2.5,,,Male
1259,1260,"Petrosyan, Zoravor",UA,140,1.0,3.0,,,Male
1260,1261,"Rodriguez, Angel",VE,130,1.0,3.0,,,Male
1261,1262,"Brown, Germaine",GB,168,1.0,3.25,,"Martin, Adam ",Male
1262,1263,"Shaiken, Talgat",KZ,147,0.97,2.0,MTK Global,,Male
1263,1264,"Fiordigiglio, Orlando",IT,154,0.95,2.0,OPI Since 82,"Gordini, Meo",Male
1264,1265,"Sokolowski, Kamil",PL,HWT,0.95,3.0,,,Male
1265,1266,"Makhense, Jabulani",ZA,147,0.94,2.0,DiBella,"Rothmann, Sebastian",Male
1266,1267,"Acosta, George",US,135,0.92,2.0,Thompson,,Male
1267,1268,"Lippe, Trey",US,HWT,0.92,3.0,,"Blacklock, Craig",Male
1268,1269,"Ortiz, Erik ",MX,147,0.91,3.0,,"Quirarte, Romulo",Male
1269,1270,"Wright, Walter",US,154,0.9,2.0,,,Male
1270,1271,"Madison, Colby",US,HWT,0.89,3.0,Kings,,Male
1271,1272,"Castaneda, Kendo",US,147,0.88,4.0,RJJ,"Leija, Jesse James",Male
1272,1273,"Barraza, Jeovanis",CO,147,0.85,3.0,Reyes,,Male
1273,1274,"Holyfield, Evan",US,154,0.85,3.0,Main Events,"Watkins, Maurice",Male
1274,1275,"Padilla, Victor",PR,135,0.84,4.0,DiBella,"Jefferson, Rashiem",Male
1275,1276,"Lopez, Luis",US,147,0.82,3.0,Thompson,"Ramirez, Henry",Male
1276,1277,"Marku, Florian",AL,147,1.62,2.5,Boxxer,"Mitchell, Clifton",Male
1277,1278,"Knapp, Roarke",ZA,154,0.8,4.0,,"Mtolo, Vusi",Male
1278,1279,"Martin, James",US,147,0.79,3.0,Kings,"Martin, Jerry",Male
1279,1280,"Mielnicki Jr, Vito",US,147,0.76,3.0,PBC,"Salaam, Muhammad",Male
1280,1281,"Molina, Eric ",US,HWT,0.76,2.0,,"Payton, James",Male
1281,1282,"Hill, Jeremy",US,135,0.76,3.0,,"Wattigney, Toby",Male
1282,1283,"Ryan, Paul",IE,154,0.75,3.0,MTK Global,"Clifford, Joe",Male
1283,1284,"Dolton, Domonique",US,147,0.73,2.0,PBC,"Steward, SugarHill",Male
1284,1285,"Defreitas, Shiloh",GB,147,0.72,2.5,,,Male
1285,1286,"Crocker, Lewis",GB,147,1.41,2.0,MTK Global,"Ginley, Ray",Male
1286,1287,"Collard, Clay",US,160,0.7,4.0,,"Montoya, Mark",Male
1287,1288,"Cristofori, Nicola",IT,147,0.7,2.0,,,Male
1288,1289,"Smith, Jez",GB,154,0.7,3.0,,"Burnham, Joshua",Male
1289,1290,"Mederos, Harley",US,135,0.68,3.0,,"Roman, Eric",Male
1290,1291,"Esposito, Nicholas",IT,147,0.67,4.0,OPI Since 82,"Esposito, Enzo",Male
1291,1292,"Brubaker, Jack ",AU,147,0.65,3.0,No Limit,"Fenech, Jeff",Male
1292,1293,"Day, Shaquille",GB,147,0.64,3.0,MTK Global,,Male
1293,1294,"Morello, Dario",IT,147,0.61,2.0,OPI Since 82,"Morello, Ercole",Male
1294,1295,"Duffy, Sean ",GB,135,1.21,2.0,MTK Global,"Hawkins, Harry",Male
1295,1296,"Acevedo, Oscar",US,135,0.6,2.0,,,Male
1296,1297,"Jackson, Joseph",US,154,0.6,3.0,Walter Johnson,"Chapman, Robert",Male
1297,1298,"Date, Rohan",IE,147,0.58,3.0,,"Edwards, Johnny",Male
1298,1299,"Mueller vom Berge, Alexander",DE,HWT,0.58,3.0,Agon,"Aldama, Franquis",Male
1299,1300,"Layton, DeMarcus",US,147,0.55,3.0,,,Male
1300,1301,"Ramirez, Diego",AR,154,0.55,3.0,,,Male
1301,1302,"Chaney, Cassius",US,HWT,0.52,2.0,Main Events,"Edwards, Stephen",Male
1302,1303,"Martinez, Rocky",PR,135,0.52,3.0,,,Male
1303,1304,"Gilley, Sam",GB,147,0.52,3.0,MTK Global,,Male
1304,1305,"Acevedo, Richard",US,154,0.5,2.0,,,Male
1305,1306,"Morales Jr, Victor",US,126,1.0,2.5,Golden Boy,"Morales, Victor",Male
1306,1307,"Quillin, Peter",US,168,1.0,2.5,,"Sosa, Aureliano",Male
1307,1308,"Pllana, Genc",US,168,1.0,3.0,Kings,"Brown, Simon",Male
1308,1309,"Calic, Marko",HR,175,1.0,3.5,,"Calic, Dorian",Male
1309,1310,"Agyarko, Caoimhin",GB,160,1.0,2.0,Matchroom,"Smith, Alan",Male
1310,1311,"Davey, George",GB,147,0.49,2.0,Queensberry,"Wharton, Henry",Male
1311,1312,"Sour, Pavel",CZ,HWT,0.46,2.0,,"Kalas, Jan",Male
1312,1313,"Iqbal, Sahir",GB,147,0.46,2.0,MTK Global,"Roye, Johnney",Male
1313,1314,"Allotey, Patrick",GH,154,0.45,3.0,Cabic,"Asare, Ofore",Male
1314,1315,"Velasquez, Thomas",US,135,0.44,3.0,,"Muhammad, Hamza",Male
1315,1316,"Rakhmanov, Sanjarbek",UZ,147,0.43,3.0,Mayweather,"Ben-Tchavtchavadze, Chris",Male
1316,1317,"Darchinyan, Arman ",AM,154,0.4,4.0,,"Roach, Freddie",Male
1317,1318,"Visser, Ruann",ZA,HWT,0.4,2.0,,"Kalakoda, Steve",Male
1318,1319,"Charlton, Rylan",GB,147,0.4,3.0,,"Sictorness, Frank",Male
1319,1320,"Inson, Jayar ",PH,147,0.37,3.0,MP,"Neri, Nonoy",Male
1320,1321,"Ramos, Mario",US,135,0.36,3.0,,"Abdullah, Basheer",Male
1321,1322,"Ehwarieme, Onoriode",NG,HWT,0.7,3.0,,"Caicedo, Herman",Male
1322,1323,"Hudaynazarov, Ravshan",UZ,154,0.35,3.0,,,Male
1323,1324,"Pavko, Evgeny",RU,147,0.34,2.0,,"Oleg, Monov",Male
1324,1325,"Sands, Amron",US,HWT,0.34,3.0,DiBella,,Male
1325,1326,"Brewer, Brandon",CA,154,0.65,2.0,Three Lions,"McLeod, Aubrey",Male
1326,1327,"Torrez, Oscar",US,HWT,0.64,2.5,Thompson,"Ramirez, Henry",Male
1327,1328,"Pennington, Courtney",US,154,0.3,2.0,,,Male
1328,1329,"Veisbergs, Elvis",LV,147,0.3,3.75,LNK,,Male
1329,1330,"Fernandez, Demian Daniel",AR,147,0.28,3.0,,"Phillips, Rick",Male
1330,1331,"Flores , Alexander",US,HWT,0.28,3.0,RJJ,,Male
1331,1332,"Piriyapinyo, Chonlatarn",TH,135,0.28,3.0,,,Male
1332,1333,"Apresyan, Eryk",PL,147,0.26,3.0,MTK Global,"Ayrapetyan, Albert",Male
1333,1334,"Kelly, Ryan",GB,154,0.25,3.0,,"Counihan, Paul",Male
1334,1335,"Flaz, Nicklaus",PR,147,0.23,4.0,PR Best,,Male
1335,1336,"Shala, Granit",DE,HWT,0.22,2.0,Agon,,Male
1336,1337,"Sanchez, Jorge Perez",MX,147,0.21,3.0,,"Colorado, Jose Juan",Male
1337,1338,"Garcia, Sean",US,135,0.2,3.0,,,Male
1338,1339,"Zepeda, Manuel",MX,154,0.2,2.0,,"Quirarte, Romulo",Male
1339,1340,"Andino, Nicolas",AR,147,0.19,2.0,Argentina Boxing,,Male
1340,1341,"Dallas Jr, Mike",US,147,0.16,3.0,,,Male
1341,1342,"Aldea, Roldan ",PH,135,0.15,3.0,,,Male
1342,1343,"Coleman Jr, Derrick",US,154,0.15,3.0,GH3,"Thomas, Marlon",Male
1343,1344,"Bacon, James",PH,147,0.14,3.0,M&amp;R,"Fernandez, Osmiri",Male
1344,1345,"Rashidi, Amon",US,147,0.12,3.0,,"James, Derrick",Male
1345,1346,"Valentino, Domenico",IT,135,0.12,3.0,OPI Since 82,"Munno, Raffaele",Male
1346,1347,"Rodriguez, Flavio",US,154,0.1,3.0,,"Capetillo, Javier",Male
1347,1348,"Delgado, Sahret",PR,HWT,0.1,2.0,,"Rivas, Raul",Male
1348,1349,"Reyes, Alejandro",US,135,0.09,3.0,,,Male
1349,1350,"Villalobos, Steve ",US,147,0.09,3.0,,"Diaz, Antonio",Male
1350,1351,"Spong, Tyrone",NL,HWT,0.16,4.0,A&amp;T,"Diaz, Pedro",Male
1351,1352,"Roman , Jose ",PR,147,0.07,2.0,DiBella,"Lozada, Emilio",Male
1352,1353,"Contreras, Miguel",US,135,0.07,3.0,,"Flores Sr, Gabe",Male
1353,1354,"Baker, Kane",GB,135,0.05,3.0,BCB,"Johnson, Errol",Male
1354,1355,"Rivera, Jan Carlos",PR,147,0.05,3.0,,"Ennis, Bozy",Male
1355,1356,"Medina, Bryan",DO,154,0.05,3.0,Reyes,,Male
1356,1357,"Kennedy, Niall",IE,HWT,0.04,3.0,Murphys,"Collins, Packie",Male
1357,1358,"Ioane, Hunter",AU,135,0.03,3.0,,,Male
1358,1359,"Thomas, Maredudd",GB,147,0.02,3.0,,"Lockett, Gary",Male
1359,1360,"Acevedo, Herbert",US,140,,3.0,,"Morales, Ramon",Male
1360,1361,"Alvarez, Ramon",MX,160,,3.0,Zanfer,"Alvarez, Rigoberto",Male
1361,1362,"Anim, Emmanuel",GH,175,,3.0,,,Male
1362,1363,"Benson, Lewis",GB,140,,2.0,MTK Global,,Male
1363,1364,"Betancourt, Victor",MX,130,,3.0,,"Robles, Manny",Male
1364,1365,"Bravo, Jesus",PE,130,,2.0,,,Male
1365,1366,"Brewart Jr, Richard",US,160,,2.0,Thompson,"Ramirez, Henry",Male
1366,1367,"Carroll, Gerard",GB,140,,2.0,MTK Global,"Witho, Danny",Male
1367,1368,"Collins Jr, Steve ",IE,168,,3.0,MTK Global,"Taylor, Pete",Male
1368,1369,"Conway, Matt ",US,130,,4.0,,"Conway, Jack",Male
1369,1370,"Coyle, Connor",IE,160,,3.0,,"McLoughlin, Jim",Male
1370,1371,"Cummings, Conrad",GB,160,,3.0,MTK Global,"McManus, Gerard",Male
1371,1372,"De Alba, Frank",US,130,,2.0,Kings,"Adorno, Anibal",Male
1372,1373,"Deckmann, Marco ",DE,200,,4.0,360,"Roach, Freddie",Male
1373,1374,"Duffield, Charlie ",GB,175,,3.0,,"Tibbs, Mark",Male
1374,1375,"Fitch, Morgan ",US,168,,2.0,,"Yankello, Tom",Male
1375,1376,"Foley, Kerry",AU,168,,3.0,,"Baratillo, Arnel",Male
1376,1377,"Frankham, Charles",GB,130,,3.0,Queensberry,"Fernandez, Angel",Male
1377,1378,"Gething, Kieran",GB,140,,2.0,MTK Global,,Male
1378,1379,"Glover, Craig",GB,200,,3.0,,"McNally, Joe",Male
1379,1380,"Goddi, Alessandro",IT,168,,2.0,,,Male
1380,1381,"Godoy, Mauro Maximiliano",AR,140,,2.0,,,Male
1381,1382,"Gonzalez, Samuel",VE,140,,3.0,OPI Since 82,"Cherchi, Franco",Male
1382,1383,"Gonzalez , Irvin",US,126,,4.0,,"Gonzalez, Irvin",Male
1383,1384,"Grisunins, Nikolajs",LV,200,,3.0,LNK,,Male
1384,1385,"Guevara, Alberto",MX,126,,2.0,,,Male
1385,1386,"Hernandez, Mario",US,118,,2.0,Thompson,"Lopez, Hector",Male
1386,1387,"Howard, Tyler",US,160,,3.0,,"Howard, Eric",Male
1387,1388,"Huerta, Charles",US,130,,2.0,,"Huerta, Victor",Male
1388,1389,"Khositashvili, Jaba",GE,168,,2.0,,,Male
1389,1390,"Krasnoshein, Vladislav",RU,130,,3.0,RCC,,Male
1390,1391,"Kuznetsov, Nikita",RU,130,,3.0,RCC,,Male
1391,1392,"Laguna, Julio",NI,140,,2.0,Bufalo,"Corales, Alfredo",Male
1392,1393,"Laureano, Anthony ",US,140,,4.0,Star,,Male
1393,1394,"Lee, Mike",US,168,,3.0,Hitz,,Male
1394,1395,"Martey, Emmanuel",GH,175,,2.0,,,Male
1395,1396,"McCreary, Tyler",US,130,,2.0,,"Wright, Lamar",Male
1396,1397,"McCrory, Padraig",GB,168,,3.0,MTK Global,"Ginley, Ray",Male
1397,1398,"McDaniel, Marcus",US,168,,3.0,,"Benton, Bobby",Male
1398,1399,"McDonagh, Martin",GB,140,,1.0,MTK Global,"Rumbol, Billy",Male
1399,1400,"McGoldrick, Sean",GB,118,,2.0,MTK Global,"Moore, Jamie",Male
1400,1401,"Najib, Razaq",GB,126,,2.0,Stefy Bull,"Rhodes, Ryan",Male
1401,1402,"O'Leary, Pierce",IE,140,,4.0,MTK Global,"Smith, Alan",Male
1402,1403,"Ortiz , Roberto",MX,140,,3.0,,"Diaz, Antonio",Male
1403,1404,"Parker, Connor",GB,140,,3.0,BCB,"Johnson, Errol",Male
1404,1405,"Pham, Gabriel",US,168,,2.0,,"Rivas, Raul",Male
1405,1406,"Porozo, Luis",EC,130,,2.0,,"Gonzalez, Yoel",Male
1406,1407,"Price, Dylan",US,115,,3.0,,"Price, David",Male
1407,1408,"Ramirez, Abdiel",MX,140,,3.0,,"Villhauer, Shann",Male
1408,1409,"Ramos, Carlos",ES,126,,3.0,MaravillaBox,"Rodriguez, Tinin",Male
1409,1410,"Rodriguez, Emiliano",AR,140,,2.0,Arano Box,,Male
1410,1411,"Rodriguez, Ruben",US,140,,3.0,,"Garcia, Robert",Male
1411,1412,"Rose, Brian",GB,160,,1.0,MTK Global,"Rimmer, Bobby",Male
1412,1413,"Ruiz, Diego Alberto",AR,126,,1.0,,"Ruiz, Ruben",Male
1413,1414,"Sakyi, Mikey",GB,140,,2.0,,,Male
1414,1415,"Salka Jr, Rod",US,140,,2.0,,"Salka, Rod",Male
1415,1416,"Silva, William",BR,140,,3.0,,"Rodriguez, Jose",Male
1416,1417,"Silvera, Adan",ES,168,,2.0,,,Male
1417,1418,"Summers, Ricky ",GB,175,,2.0,BCB,"McCracken, Spencer",Male
1418,1419,"Tabanao, Neil John",PH,126,,2.0,,"Flores, Brix",Male
1419,1420,"Takoucht, Sofiane",FR,126,,2.0,,,Male
1420,1421,"Tikhonov, Vladimir",RU,122,,1.0,Salita,"Shafer, Igor",Male
1421,1422,"Tommasone, Carmine",IT,126,,2.0,OPI Since 82,"Picariello, Michele",Male
1422,1423,"Vue, Duarn",US,126,,3.0,,"Muhammad, Murid",Male
1423,1424,"Williams, Mykquan",US,140,,3.0,DiBella,"Cichon, Paul",Male
1424,1425,"Woodstock, Leon",GB,130,,2.0,Queensberry,"Butt, Ajmal",Male
1425,1426,"Yoon, Logan",US,140,,3.0,Heavyweight Factory,"Yoon, George",Male
1426,1427,"Newman, Earl",US,200,,4.0,,"Sosa, Aureliano",Male
1427,1428,"Lopez, Adam",US,122,,3.0,,"Martinez, Chato",Male
1428,1429,"Walton, Jerrico",US,140,,3.0,,"Shields, Ronnie",Male
1429,1430,"Guerrero, Alejandro",US,130,,4.0,Salita,"Martinez, David",Male
1430,1431,"Angulo, Jose",EC,140,,3.0,,"Alvarez, Eriky",Male
1431,1432,"Hernandez, Rodolfo",MX,122,,4.0,,"Partida, Hugo",Male
1432,1433,"Cash, Quatavious",US,160,,3.0,,"Ben-Tchavtchavadze, Chris",Male
1433,1434,"Muratalla, Gabriel",US,122,,3.0,,"Garcia, Robert",Male
1434,1435,"Mondragon, Eric",US,130,,3.0,,,Male
1435,1436,"Sanchez, Mike",US,130,,3.0,,"Barrera, Freddy",Male
1436,1437,"Garcia, Ivan",MX,112,,3.0,Zanfer,,Male
1437,1438,"Vargas, Rolando",MX,140,,3.0,,"Vargas Sr, Rolando",Male
1438,1439,"Bernaldez, Mark ",PH,130,,3.0,M&amp;R,"Fernandez, Osmiri",Male
1439,1440,"Jules, Martino",US,126,,2.0,Kings,"Melendez, Rudy",Male
1440,1441,"Jumakhanov, Aleem",TJ,126,,3.0,,"Krause, Brandon",Male
1441,1442,"Jimenez, Salvador",ES,126,,3.0,MGZ,,Male
1442,1443,"Antunez, Juan Jesus",ES,126,,3.0,MGZ,,Male
1443,1444,"Soriano, Abel",US,118,,3.0,B&amp;B,"McIntyre, Brian",Male
1444,1445,"Rodriguez, Jonathan",US,118,,3.0,Kings,"Rodriguez, Lemuel",Male
1445,1446,"Flores, Carlos",MX,126,,3.0,,,Male
1446,1447,"Gonzalez, Frevian",PR,130,,4.0,PR Best,"Espada, Luis",Male
1447,1448,"Kielczweski, Ryan",US,130,,2.0,Murphys,"Maze, Steve",Male
1448,1449,"Hedges, John",GB,168,,2.0,Matchroom,"Leo, Sab",Male
1449,1450,"Moralde, John Vincent",PH,126,,3.0,M&amp;R,"Fernandez, Osmiri",Male
1450,1451,"Matthysse Jr, Walter Ezequiel",AR,160,,3.0,Sampson,,Male
1451,1452,"Brooks, Burley",US,168,,3.0,,"James, Derrick",Male
1452,1453,"Delgado, Marco",US,168,,3.0,,"Mariscal, Andres",Male
1453,1454,"Marcial, Eumir",PH,160,,3.0,,"Roach, Freddie",Male
1454,1455,"Lawson, Travon",US,122,,3.0,,,Male
1455,1456,"Lopez, Misael",US,130,,3.0,DiBella,"Lopez, Evenezer",Male
1456,1457,"Hatton, Campbell",GB,130,,3.0,Matchroom,"Hatton, Matthew",Male
1457,1458,"Berrio, Deiner",CO,140,,2.0,Paco Presents,"Morales, Yukita",Male
1458,1459,"Davis, Kelvin",US,140,,3.0,Top Rank,"Trask, Tyler",Male
1459,1460,"Amitrano, Leonardo",AR,140,,3.0,,,Male
1460,1461,"Arce, Facundo",AR,130,,2.0,Argentina Boxing,,Male
1461,1462,"Paul, Jake ",US,200,,4.0,,"Flores, B.J.",Male
1462,1463,"Misiura, Oleg",RU,168,,3.0,,,Male
1463,1464,"Medina, Amed Ali",US,130,,4.0,,,Male
1464,1465,"Chance, Rajon",US,122,,2.0,,"Chance, Roger",Male
1465,1466,"Walsh, Nico Ali",US,160,,3.0,Top Rank,"Steward, SugarHill",Male
1466,1467,"Fury, Tommy",GB,200,,3.0,,"Fury, John",Male
1467,1468,"Julan, Frederic",FR,175,,3.0,,,Male
1468,1469,"Barrionuevo, Cesar",AR,160,,2.0,Sampson,,Male
